x_eval,rat_pdf_ref,rat_sub_lo,rat_sub_hi,human_pdf_ref,human_sub_lo,human_sub_hi
0.0,0.0,0.0,0.0,0.0,0.0,0.0
0.010050251256281407,0.0,0.0,0.0,0.0,0.0,0.0
0.020100502512562814,0.0,0.0,0.0,0.0,0.0,0.0
0.03015075376884422,0.14701964923762517,0.06326633165829142,0.2562311557788944,0.04551066973701422,0.026783919597989928,0.08180904522613058
0.04020100502512563,0.26734978564020073,0.1476884422110552,0.4049748743718592,0.1326615055986509,0.07904522613065323,0.20241206030150743
0.05025125628140704,0.38767992204277624,0.232110552763819,0.553718592964824,0.2198123414602876,0.13130653266331654,0.32301507537688434
0.06030150753768844,0.5080100584453517,0.3165326633165828,0.7024623115577887,0.30696317732192424,0.18356783919597983,0.4436180904522611
0.07035175879396985,0.6283401948479274,0.4009547738693466,0.8512060301507535,0.39411401318356093,0.23582914572864314,0.5642211055276379
0.08040201005025126,0.9093421152145567,0.6452763819095473,1.1706532663316576,0.4773635548242789,0.29673366834170845,0.6718592964824118
0.09045226130653267,1.3285965008525817,1.0271859296482408,1.636984924623115,0.5572561688795552,0.365075376884422,0.7683417085427133
0.10050251256281408,1.747850886490607,1.4090954773869346,2.1033165829145726,0.6371487829348315,0.4334170854271356,0.864824120603015
0.11055276381909548,2.167105272128632,1.7910050251256282,2.5696482412060297,0.7170413969901077,0.5017587939698491,0.9613065326633166
0.12060301507537688,2.586359657766657,2.1729145728643213,3.0359798994974865,0.796934011045384,0.5701005025125627,1.057788944723618
0.1306532663316583,2.934305408018774,2.4982914572864323,3.409597989949748,0.9699662343207835,0.7243718592964825,1.2537688442211057
0.1407035175879397,3.2267888863040723,2.779698492462311,3.71110552763819,1.2154403758785004,0.9454773869346731,1.5271356783919594
0.15075376884422112,3.519272364589372,3.0611055276381904,4.012613065326633,1.4609145174362181,1.1665829145728641,1.8005025125628138
0.16080402010050251,3.8117558428746707,3.3425125628140693,4.314120603015074,1.706388658993935,1.3876884422110547,2.0738693467336677
0.1708542713567839,4.1042393211599695,3.623919597989948,4.6156281407035165,1.9518628005516518,1.6087939698492455,2.3472361809045212
0.18090452261306533,4.214565608752563,3.72110552763819,4.728249999999999,2.210370375878129,1.8463731155778889,2.6253266331658285
0.19095477386934673,4.196994294369426,3.68894472361809,4.70825,2.4780290855528837,2.095518844221105,2.9067336683417073
0.20100502512562815,4.179422979986288,3.6567839195979897,4.688249999999999,2.7456877952276395,2.344664572864321,3.1881407035175875
0.21105527638190955,4.161851665603152,3.624623115577889,4.66825,3.0133465049023944,2.5938103015075367,3.4695477386934668
0.22110552763819097,4.144280351220014,3.5924623115577887,4.648249999999999,3.2810052145771498,2.8429560301507535,3.7509547738693465
0.23115577889447236,4.025589891049372,3.481507537688442,4.527172110552764,3.3143089355871207,2.870616834170854,3.7812060301507535
0.24120603015075376,3.84292609374786,3.3207035175879396,4.342146984924623,3.1993472556050855,2.758154522613065,3.6525628140703517
0.25125628140703515,3.660262296446348,3.1598994974874373,4.157121859296482,3.0843855756230503,2.6456922110552763,3.52391959798995
0.2613065326633166,3.4775984991448348,2.9990954773869345,3.972096733668341,2.9694238956410146,2.5332298994974867,3.3952763819095475
0.271356783919598,3.2949347018433226,2.838291457286432,3.7870716080402005,2.8544622156589794,2.420767587939698,3.2666331658291456
0.2814070351758794,3.0859032126042916,2.646733668341709,3.568793969849246,2.6933108306768903,2.2697989949748743,3.0944861809045228
0.2914572864321608,2.8618783299105934,2.4376884422110563,3.3316080402010058,2.505894711479084,2.096934673366835,2.8976017587939706
0.30150753768844224,2.637853447216894,2.2286432160804024,3.0944221105527636,2.3184785922812767,1.9240703517587938,2.700717336683417
0.31155778894472363,2.4138285645231954,2.0195979899497494,2.857236180904523,2.1310624730834706,1.7512060301507542,2.5038329145728646
0.32160804020100503,2.1898036818294973,1.8105527638190964,2.6200502512562824,1.9436463538856645,1.5783417085427143,2.306948492462312
0.3316582914572864,1.9965867136123783,1.6361306532663324,2.4068341708542724,1.8057704707095241,1.4560804020100506,2.1578706030150756
0.3417085427135678,1.8190643433361586,1.4793467336683426,2.2058291457286443,1.6931320662614027,1.3595979899497492,2.0331469849246235
0.35175879396984927,1.6415419730599379,1.3225628140703516,2.004824120603015,1.5804936618132805,1.2631155778894472,1.9084233668341706
0.36180904522613067,1.4640196027837185,1.1657788944723617,1.8038190954773867,1.467855257365159,1.1666331658291456,1.7836997487437183
0.37185929648241206,1.2864972325074988,1.0089949748743718,1.6028140703517586,1.3552168529170379,1.0701507537688442,1.658976130653266
0.38190954773869346,1.1538697094119605,0.8909045226130654,1.4516268844221105,1.2876569663536157,1.0068341708542712,1.586834170854271
0.3919597989949749,1.0416489350349134,0.790402010050251,1.3230841708542709,1.24058731519233,0.9585929648241204,1.5385929648241203
0.4020100502512563,0.9294281606578672,0.6898994974874371,1.194541457286432,1.193517664031044,0.9103517587939698,1.4903517587939696
0.4120603015075377,0.8172073862808207,0.5893969849246232,1.0659987437185927,1.1464480128697583,0.8621105527638191,1.4421105527638192
0.4221105527638191,0.7049866119037742,0.48889447236180944,0.9374560301507537,1.0993783617084727,0.8138693467336685,1.3938693467336685
0.4321608040201005,0.627771973322477,0.42276381909547756,0.846006281407035,1.0634784436561637,0.7799497487437187,1.3542211055276383
0.44221105527638194,0.5646826176061313,0.37050251256281397,0.7695238693467332,1.032085610893442,0.7518090452261306,1.318040201005025
0.45226130653266333,0.5015932618897858,0.3182412060301507,0.6930414572864319,1.0006927781307204,0.7236683417085427,1.2818592964824118
0.4623115577889447,0.4385039061734403,0.26597989949748735,0.6165590452261304,0.9692999453679988,0.6955276381909546,1.2456783919597987
0.4723618090452261,0.3754145504570949,0.2137185929648241,0.5400766331658289,0.9379071126052773,0.6673869346733667,1.2094974874371855
0.4824120603015075,0.3345522521356908,0.1822110552763819,0.4903517587939698,0.9077116088025156,0.6422110552763819,1.1733907035175877
0.49246231155778897,0.3016012793277402,0.15809045226130644,0.45015075376884406,0.8779422729346548,0.6180904522613064,1.1373103015075372
0.5025125628140703,0.26865030651979,0.13396984924623126,0.4099497487437187,0.8481729370667942,0.5939698492462312,1.1012298994974872
0.5125628140703518,0.23569933371183943,0.1098492462311558,0.36974874371859295,0.8184036011989334,0.5698492462311557,1.0651494974874367
0.5226130653266332,0.20274836090388884,0.08572864321608034,0.3295477386934672,0.7886342653310726,0.5457286432160803,1.0290690954773862
0.5326633165829145,0.18183020640929407,0.07080402010050257,0.3016080402010051,0.7606432014272081,0.5246733668341709,0.9989660804020096
0.542713567839196,0.1646599789303344,0.05874371859296484,0.27748743718592966,0.733206025512129,0.504572864321608,0.9707248743718588
0.5527638190954774,0.14748975145137472,0.04668341708542711,0.2533668341708542,0.7057688495970498,0.4844723618090451,0.9424836683417082
0.5628140703517588,0.13031952397241522,0.03462311557788951,0.22924623115577902,0.678331673681971,0.4643718592964825,0.9142424623115577
0.5728643216080402,0.11314929649345555,0.02256281407035178,0.20512562814070356,0.6508944977668918,0.4442713567839196,0.886001256281407
0.5829145728643216,0.10240529119455313,0.01683417085427139,0.19050251256281417,0.6275204246401372,0.4241708542713569,0.8579183417085428
0.592964824120603,0.09339534584899939,0.012814070351758803,0.1784422110552764,0.6052427443292794,0.40407035175879397,0.8298781407035174
0.6030150753768845,0.08438540050344565,0.008793969849246219,0.16638190954773865,0.5829650640184215,0.38396984924623107,0.801837939698492
0.6130653266331658,0.07537545515789201,0.004773869346733678,0.154321608040201,0.5606873837075639,0.36386934673366833,0.7737977386934669
0.6231155778894473,0.06636550981233827,0.0007537688442210942,0.14226130653266328,0.538409703396706,0.34376884422110543,0.7457575376884416
0.6331658291457286,0.060706629513819985,0.0,0.1334673366834171,0.5218685377424394,0.33020100502512567,0.7240866834170849
0.6432160804020101,0.055821071918463645,0.0,0.12542713567839195,0.5066511831627704,0.31814070351758794,0.7038856783919594
0.6532663316582915,0.05093551432310731,0.0,0.1173869346733668,0.49143382858310136,0.3060804020100502,0.6836846733668338
0.6633165829145728,0.04604995672775103,0.0,0.10934673366834174,0.47621647400343253,0.2940201005025126,0.6634836683417085
0.6733668341708543,0.0411643991323947,0.0,0.10130653266331659,0.4609991194237636,0.28195979899497486,0.6432826633165828
0.6834170854271356,0.037926748227802225,0.0,0.09663316582914576,0.4441583790044698,0.26989949748743725,0.626532663316583
0.6934673366834171,0.035008840412462404,0.0,0.09261306532663317,0.4270026532730098,0.2578391959798995,0.6104522613065326
0.7035175879396985,0.03209093259712258,0.0,0.0885929648241206,0.4098469275415498,0.24577889447236181,0.5943718592964824
0.7135678391959799,0.029173024781782794,0.0,0.08457286432160807,0.39269120181009,0.23371859296482422,0.5782914572864323
0.7236180904522613,0.026255116966442973,0.0,0.08055276381909549,0.37553547607862997,0.2216582914572865,0.5622110552763819
0.7336683417085427,0.024421493750941187,0.0,0.07653266331658296,0.3652369146784759,0.2130653266331659,0.5495979899497488
0.7437185929648241,0.02276072750063096,0.0,0.07251256281407037,0.3560315244036025,0.20502512562814074,0.5375376884422111
0.7537688442211056,0.021099961250320733,0.0,0.06849246231155778,0.346826134128729,0.19698492462311556,0.5254773869346733
0.7638190954773869,0.019439195000010526,0.0,0.06447236180904524,0.33762074385385565,0.18894472361809048,0.5134170854271357
0.7738693467336684,0.0177784287497003,0.0,0.060452261306532654,0.32841535357898216,0.18090452261306528,0.5013567839195979
0.7839195979899498,0.016527994681114395,0.0,0.05643216080402008,0.31957429307062585,0.17286432160804013,0.4892964824120602
0.7939698492462312,0.015329574551056942,0.0,0.052412060301507545,0.31077941520872954,0.16482412060301507,0.47723618090452263
0.8040201005025126,0.014131154420999473,0.0,0.04839195979899497,0.3019845373468331,0.15678391959798993,0.4651758793969849
0.8140703517587939,0.012932734290942018,0.0,0.044371859296482435,0.2931896594849368,0.14874371859296487,0.4531155778894473
0.8241206030150754,0.011734314160884548,0.0,0.040351758793969864,0.2843947816230404,0.14070351758793972,0.44105527638190956
0.8341708542713568,0.010907203422219153,0.0,0.039999999999999994,0.2767938629568396,0.13633165829145727,0.4289949748743718
0.8442211055276382,0.010115697693687253,0.0,0.039999999999999994,0.2693074335285824,0.13231155778894474,0.4169346733668342
0.8542713567839196,0.009324191965155344,0.0,0.039999999999999994,0.26182100410032505,0.12829145728643215,0.4048743718592964
0.864321608040201,0.008532686236623444,0.0,0.039999999999999994,0.2543345746720678,0.1242713567839196,0.3928140703517588
0.8743718592964824,0.007741180508091536,0.0,0.039999999999999994,0.24684814524381052,0.12025125628140701,0.3807537688442211
0.8844221105527639,0.007248943497332886,0.0,0.039999999999999994,0.24082788990351525,0.11623115577889444,0.37246231155778886
0.8944723618090452,0.00677665773442579,0.0,0.039999999999999994,0.23490537950241755,0.11221105527638191,0.3644221105527638
0.9045226130653267,0.006304371971518689,0.0,0.039999999999999994,0.22898286910131974,0.10819095477386934,0.35638190954773863
0.914572864321608,0.0058320862086115935,0.0,0.039999999999999994,0.22306035870022203,0.1041708542713568,0.34834170854271357
0.9246231155778895,0.005359800445704492,0.0,0.039999999999999994,0.21713784829912422,0.10015075376884422,0.34030150753768845
0.9346733668341709,0.005089957652292871,0.0,0.03613065326633166,0.20982634611020107,0.09226130653266332,0.3361306532663316
0.9447236180904522,0.004828002247303155,0.0,0.03211055276381912,0.20246072735811596,0.08422110552763824,0.33211055276381907
0.9547738693467337,0.004566046842313436,0.0,0.028090452261306548,0.19509510860603074,0.07618090452261309,0.3280904522613065
0.964824120603015,0.00430409143732372,0.0,0.024070351758794014,0.18772948985394564,0.06814070351758802,0.32407035175879395
0.9748743718592965,0.004042136032334001,0.0,0.02005025125628144,0.18036387110186045,0.060100502512562874,0.3200502512562814
0.9849246231155779,0.0038138267876887057,0.0,0.019999999999999997,0.17604699621185807,0.05999999999999999,0.3080904522613065
0.9949748743718593,0.0035859434438072673,0.0,0.019999999999999997,0.17176871301631252,0.05999999999999999,0.2960301507537688
1.0050251256281406,0.0033580600999258284,0.0,0.019999999999999997,0.16749042982076698,0.05999999999999999,0.2839698492462312
1.015075376884422,0.0031301767560443874,0.0,0.019999999999999997,0.1632121466252214,0.05999999999999999,0.2719095477386934
1.0251256281407035,0.0029026535186019013,0.0,0.019999999999999997,0.15893366636107104,0.05994974874371855,0.2599497487437185
1.035175879396985,0.002703578689836841,0.0,0.019999999999999997,0.15463961767714252,0.05592964824120599,0.25592964824120595
1.0452261306532664,0.0025045038610717815,0.0,0.019999999999999997,0.150345568993214,0.05190954773869343,0.2519095477386934
1.0552763819095476,0.0023054290323067258,0.0,0.019999999999999997,0.1460515203092856,0.047889447236180965,0.24788944723618092
1.065326633165829,0.0021063542035416657,0.0,0.019999999999999997,0.14175747162535707,0.04386934673366841,0.24386934673366836
1.0753768844221105,0.0019100198258985032,0.0,0.019999999999999997,0.1375003488073476,0.039999999999999994,0.23985301507537693
1.085427135678392,0.0017840236937174052,0.0,0.019999999999999997,0.13419098988126021,0.039999999999999994,0.23593341708542706
1.0954773869346734,0.0016580275615363073,0.0,0.019999999999999997,0.13088163095517286,0.039999999999999994,0.2320138190954772
1.105527638190955,0.0015320314293552095,0.0,0.019999999999999997,0.1275722720290855,0.039999999999999994,0.22809422110552732
1.1155778894472361,0.0014060352971741142,0.0,0.019999999999999997,0.1242629131029982,0.039999999999999994,0.22417462311557754
1.1256281407035176,0.0012850383587866621,0.0,0.019999999999999997,0.1209077711115446,0.039748743718592966,0.22024246231155734
1.135678391959799,0.0012390293273038969,0.0,0.019999999999999997,0.11686588313959755,0.03572864321608041,0.21612185929648206
1.1457286432160805,0.0011930202958211314,0.0,0.019999999999999997,0.11282399516765047,0.03170854271356785,0.21200125628140676
1.155778894472362,0.0011470112643383662,0.0,0.019999999999999997,0.1087821071957034,0.027688442211055292,0.20788065326633148
1.1658291457286432,0.0011010022328556018,0.0,0.019999999999999997,0.10474021922375643,0.02366834170854282,0.2037600502512563
1.1758793969849246,0.0010548801173769168,0.0,0.019999999999999997,0.1008491595049647,0.019999999999999997,0.19964824120603025
1.185929648241206,0.0010075786973693544,0.0,0.019999999999999997,0.09853102299765068,0.019999999999999997,0.19562814070351764
1.1959798994974875,0.000960277277361792,0.0,0.019999999999999997,0.09621288649033664,0.019999999999999997,0.19160804020100505
1.206030150753769,0.0009129758573542295,0.0,0.019999999999999997,0.09389474998302262,0.019999999999999997,0.18758793969849244
1.2160804020100502,0.0008656744373466681,0.0,0.019999999999999997,0.09157661347570864,0.019999999999999997,0.18356783919597994
1.2261306532663316,0.0008192982500329942,0.0,0.019547738693467376,0.08924931491143726,0.019547738693467376,0.17954773869346735
1.236180904522613,0.0007802211206377748,0.0,0.015527638190954783,0.08684973789783561,0.015527638190954783,0.17552763819095474
1.2462311557788945,0.0007411439912425556,0.0,0.011507537688442189,0.08445016088423397,0.011507537688442189,0.17150753768844215
1.256281407035176,0.0007020668618473363,0.0,0.007487437185929594,0.08205058387063233,0.007487437185929594,0.16748743718592957
1.2663316582914572,0.0006629897324521178,0.0,0.0034673366834170882,0.07965100685703073,0.0034673366834170882,0.16346733668341706
1.2763819095477387,0.0006263519863974527,0.0,0.0005527638190955,0.07728879666396106,0.0,0.15944723618090448
1.2864321608040201,0.0006050158267517168,0.0,0.004572864321608058,0.07516097834513735,0.0,0.15542713567839192
1.2964824120603016,0.0005836796671059808,0.0,0.008592964824120617,0.07303316002631366,0.0,0.15140703517587936
1.306532663316583,0.0005623435074602449,0.0,0.012613065326633175,0.07090534170748997,0.0,0.1473869346733668
1.3165829145728642,0.0005410073478145095,0.0,0.016633165829145643,0.06877752338866631,0.0,0.14336683417085433
1.3266331658291457,0.0005204997854479671,0.0,0.019346733668341786,0.06673907404894822,0.0,0.13999999999999999
1.3366834170854272,0.0005042626859818838,0.0,0.015326633165829193,0.06516121867846675,0.0,0.13999999999999999
1.3467336683417086,0.0004880255865158005,0.0,0.011306532663316599,0.0635833633079853,0.0,0.13999999999999999
1.35678391959799,0.0004717884870497172,0.0,0.0072864321608040045,0.062005507937503826,0.0,0.13999999999999999
1.3668341708542713,0.00045555138758363424,0.0,0.0032663316582914985,0.0604276525670224,0.0,0.13999999999999999
1.3768844221105527,0.00043873271328139245,0.0,0.0,0.058763468082322426,0.0,0.1392462311557789
1.3869346733668342,0.00041939388135579705,0.0,0.0,0.056725190769342224,0.0,0.13522613065326633
1.3969849246231156,0.00040005504943020165,0.0,0.0,0.05468691345636202,0.0,0.13120603015075377
1.407035175879397,0.0003807162175046062,0.0,0.0,0.05264863614338182,0.0,0.1271859296482412
1.4170854271356783,0.00036137738557901123,0.0,0.0,0.05061035883040166,0.0,0.12316582914572874
1.4271356783919598,0.000342797538187069,0.0,0.0,0.04876626159729947,0.0,0.11914572864321618
1.4371859296482412,0.00032703039818454823,0.0,0.0,0.04764177289551003,0.0,0.1151256281407036
1.4472361809045227,0.0003112632581820274,0.0,0.0,0.046517284193720594,0.0,0.111105527638191
1.4572864321608041,0.00029549611817950656,0.0,0.0,0.045392795491931155,0.0,0.1070854271356784
1.4673366834170853,0.00027972897817698605,0.0,0.0,0.044268306790141744,0.0,0.1030653266331659
1.4773869346733668,0.00026680244940703547,0.0,0.0,0.043129957959407904,0.0,0.09999999999999999
1.4874371859296482,0.00026299577775217947,0.0,0.0,0.04194711081995782,0.0,0.09999999999999999
1.4974874371859297,0.0002591891060973235,0.0,0.0,0.040764263680507735,0.0,0.09999999999999999
1.5075376884422111,0.0002553824344424675,0.0,0.0,0.03958141654105765,0.0,0.09999999999999999
1.5175879396984926,0.0002515757627876115,0.0,0.0,0.03839856940160757,0.0,0.09999999999999999
1.5276381909547738,0.0002481453524282703,0.0,0.0,0.03725770114130758,0.0,0.09894472361809044
1.5376884422110553,0.00024577205713727983,0.0,0.0,0.03623477354147683,0.0,0.09492462311557787
1.5477386934673367,0.00024339876184628937,0.0,0.0,0.03521184594164607,0.0,0.09090452261306531
1.5577889447236182,0.00024102546655529894,0.0,0.0,0.03418891834181532,0.0,0.08688442211055275
1.5678391959798996,0.00023865217126430849,0.0,0.0,0.03316599074198456,0.0,0.08286432160804019
1.5778894472361809,0.00023515067953610354,0.0,0.0,0.032231235555532034,0.0,0.07999999999999999
1.5879396984924623,0.00022885322272436646,0.0,0.0,0.03151499461092982,0.0,0.07999999999999999
1.5979899497487438,0.00022255576591262937,0.0,0.0,0.03079875366632761,0.0,0.07999999999999999
1.6080402010050252,0.00021625830910089228,0.0,0.0,0.030082512721725397,0.0,0.07999999999999999
1.6180904522613067,0.00020996085228915521,0.0,0.0,0.029366271777123185,0.0,0.07999999999999999
1.6281407035175879,0.00020166606775727785,0.0,0.0,0.02858361544637735,0.0,0.07999999999999999
1.6381909547738693,0.0001889771622410913,0.0,0.0,0.027654845266115485,0.0,0.07999999999999999
1.6482412060301508,0.00017628825672490477,0.0,0.0,0.02672607508585362,0.0,0.07999999999999999
1.6582914572864322,0.0001635993512087182,0.0,0.0,0.025797304905591754,0.0,0.07999999999999999
1.6683417085427137,0.00015091044569253166,0.0,0.0,0.02486853472532989,0.0,0.07999999999999999
1.678391959798995,0.00013878461035862609,0.0,0.0,0.024059968772550275,0.0,0.07999999999999999
1.6884422110552764,0.0001277640609380862,0.0,0.0,0.02348735926630986,0.0,0.07999999999999999
1.6984924623115578,0.0001167435115175463,0.0,0.0,0.022914749760069443,0.0,0.07999999999999999
1.7085427135678393,0.00010572296209700641,0.0,0.0,0.022342140253829024,0.0,0.07999999999999999
1.7185929648241207,9.470241267646651e-05,0.0,0.0,0.021769530747588608,0.0,0.07999999999999999
1.728643216080402,8.547064646411143e-05,0.0,0.0,0.02120244678371999,0.0,0.07854271356783923
1.7386934673366834,7.938467141097746e-05,0.0,0.0,0.020645080152987955,0.0,0.07452261306532665
1.7487437185929648,7.329869635784349e-05,0.0,0.0,0.020087713522255916,0.0,0.07050251256281405
1.7587939698492463,6.721272130470952e-05,0.0,0.0,0.019530346891523876,0.0,0.06648241206030146
1.7688442211055277,6.112674625157555e-05,0.0,0.0,0.01897298026079184,0.0,0.06246231155778886
1.778894472361809,5.612432148661794e-05,0.0,0.0,0.018476232368402987,0.0,0.05999999999999999
1.7889447236180904,5.283460524168068e-05,0.0,0.0,0.018075301191459787,0.0,0.05999999999999999
1.7989949748743719,4.954488899674343e-05,0.0,0.0,0.017674370014516584,0.0,0.05999999999999999
1.8090452261306533,4.6255172751806184e-05,0.0,0.0,0.01727343883757338,0.0,0.05999999999999999
1.8190954773869348,4.296545650686893e-05,0.0,0.0,0.01687250766063018,0.0,0.05999999999999999
1.829145728643216,4.01216143029866e-05,0.0,0.0,0.016481385274076627,0.0,0.05999999999999999
1.8391959798994975,3.7912804824242995e-05,0.0,0.0,0.01610423298292649,0.0,0.05999999999999999
1.849246231155779,3.5703995345499395e-05,0.0,0.0,0.015727080691776352,0.0,0.05999999999999999
1.8592964824120604,3.349518586675579e-05,0.0,0.0,0.015349928400626215,0.0,0.05999999999999999
1.8693467336683418,3.1286376388012187e-05,0.0,0.0,0.01497277610947608,0.0,0.05999999999999999
1.879396984924623,2.9601865435805505e-05,0.0,0.0,0.014569177429318918,0.0,0.05999999999999999
1.8894472361809045,2.8591452589146205e-05,0.0,0.0,0.014131576249009847,0.0,0.05999999999999999
1.899497487437186,2.758103974248691e-05,0.0,0.0,0.013693975068700778,0.0,0.05999999999999999
1.9095477386934674,2.657062689582761e-05,0.0,0.0,0.01325637388839171,0.0,0.05999999999999999
1.9195979899497488,2.556021404916831e-05,0.0,0.0,0.01281877270808264,0.0,0.05999999999999999
1.92964824120603,2.463674370326808e-05,0.0,0.0,0.012463594110754655,0.0,0.058140703517588065
1.9396984924623115,2.3814314642033757e-05,0.0,0.0,0.012204203920674955,0.0,0.05412060301507547
1.949748743718593,2.2991885580799438e-05,0.0,0.0,0.011944813730595253,0.0,0.05010050251256287
1.9597989949748744,2.216945651956512e-05,0.0,0.0,0.011685423540515551,0.0,0.046080402010050286
1.9698492462311559,2.1347027458330796e-05,0.0,0.0,0.011426033350435849,0.0,0.04206030150753769
1.9798994974874373,2.029549315860978e-05,0.0,0.0,0.011164689894737434,0.0,0.039999999999999994
1.9899497487437185,1.900310463381303e-05,0.0,0.0,0.01090129300595268,0.0,0.039999999999999994
2.0,1.771071610901625e-05,0.0,0.0,0.010637896117167922,0.0,0.039999999999999994
