species,sample_size,position,coord,density
rat,100,-0.15,0.004976228869727486,5.617227714941181
rat,100,-0.15,0.005381035827710765,8.015560009325522
rat,100,-0.15,0.005785842785694042,11.06976194829158
rat,100,-0.15,0.006190649743677321,14.880653852010527
rat,100,-0.15,0.006595456701660598,19.539184446581423
rat,100,-0.15,0.0070002636596438765,25.092713177535252
rat,100,-0.15,0.007405070617627154,31.507185959184557
rat,100,-0.15,0.007809877575610432,38.64374729348666
rat,100,-0.15,0.00821468453359371,46.26455826356047
rat,100,-0.15,0.008619491491576987,54.06889148860947
rat,100,-0.15,0.009024298449560268,61.74460252325767
rat,100,-0.15,0.009429105407543544,69.01168305449707
rat,100,-0.15,0.009833912365526823,75.63940238189926
rat,100,-0.15,0.010238719323510101,81.43432430519604
rat,100,-0.15,0.010643526281493378,86.21438216858509
rat,100,-0.15,0.011048333239476656,89.79363590920529
rat,100,-0.15,0.011453140197459934,91.99718902457835
rat,100,-0.15,0.011857947155443213,92.70831021883363
rat,100,-0.15,0.012262754113426491,91.92964631884641
rat,100,-0.15,0.012667561071409768,89.82830955369216
rat,100,-0.15,0.013072368029393048,86.73646315259933
rat,100,-0.15,0.013477174987376325,83.09436195883649
rat,100,-0.15,0.013881981945359601,79.34687859206436
rat,100,-0.15,0.014286788903342881,75.8289901276094
rat,100,-0.15,0.014691595861326158,72.6879425409567
rat,100,-0.15,0.015096402819309438,69.87786415221778
rat,100,-0.15,0.015501209777292715,67.22697129476954
rat,100,-0.15,0.01590601673527599,64.53828213444125
rat,100,-0.15,0.01631082369325927,61.669963378605225
rat,100,-0.15,0.016715630651242548,58.562489919224184
rat,100,-0.15,0.017120437609225825,55.21904626756611
rat,100,-0.15,0.017525244567209105,51.67175152851931
rat,100,-0.15,0.01793005152519238,47.96274684866037
rat,100,-0.15,0.01833485848317566,44.146100179589055
rat,100,-0.15,0.01873966544115894,40.29694062823696
rat,100,-0.15,0.019144472399142215,36.51220299157389
rat,100,-0.15,0.019549279357125495,32.89884193544351
rat,100,-0.15,0.019954086315108772,29.556602606146356
rat,100,-0.15,0.020358893273092052,26.563888897119043
rat,100,-0.15,0.02076370023107533,23.96897153920391
rat,100,-0.15,0.02116850718905861,21.783981605271233
rat,100,-0.15,0.021573314147041885,19.981349735072772
rat,100,-0.15,0.021978121105025162,18.49717792958752
rat,100,-0.15,0.022382928063008442,17.2451217332133
rat,100,-0.15,0.02278773502099172,16.136719679496448
rat,100,-0.15,0.023192541978975,15.098223485442432
rat,100,-0.15,0.023597348936958275,14.077292241230298
rat,100,-0.15,0.024002155894941552,13.04204165318983
rat,100,-0.15,0.024406962852924832,11.979723261320121
rat,100,-0.15,0.02481176981090811,10.898358401299777
rat,100,-0.15,0.02521657676889139,9.827996011519874
rat,100,-0.15,0.025621383726874666,8.81673356115009
rat,100,-0.15,0.026026190684857942,7.920334097229198
rat,100,-0.15,0.026430997642841222,7.18749924494554
rat,100,-0.15,0.0268358046008245,6.6432801149898895
rat,100,-0.15,0.027240611558807776,6.274219572743802
rat,100,-0.15,0.027645418516791056,6.022533466314856
rat,100,-0.15,0.028050225474774333,5.797829668115598
rat,100,-0.15,0.028455032432757613,5.507320683636064
rat,100,-0.15,0.02885983939074089,5.092049134507807
rat,100,-0.15,0.029264646348724166,4.549097440406406
rat,100,-0.15,0.029669453306707446,3.9268124210043727
rat,100,-0.15,0.030074260264690723,3.2973754577063654
rat,100,-0.15,0.030479067222674003,2.724786268006524
rat,100,-0.15,0.03088387418065728,2.2462275829642597
rat,100,-0.15,0.031288681138640556,1.872607378313498
rat,100,-0.15,0.03169348809662383,1.6005349459316554
rat,100,-0.15,0.03209829505460711,1.4229111804914567
rat,100,-0.15,0.03250310201259039,1.3305392999932797
rat,100,-0.15,0.03290790897057367,1.3067755339180367
rat,100,-0.15,0.033312715928556946,1.323278451878601
rat,100,-0.15,0.03371752288654022,1.3434195164317975
rat,100,-0.15,0.0341223298445235,1.3331210076368256
rat,100,-0.15,0.03452713680250678,1.2726834400451652
rat,100,-0.15,0.03493194376049006,1.16227950525359
rat,100,-0.15,0.035336750718473336,1.0183818381567395
rat,100,-0.15,0.03574155767645661,0.8643956306170806
rat,100,-0.15,0.03614636463443989,0.7214955655312046
rat,100,-0.15,0.036551171592423166,0.6036624079793724
rat,100,-0.15,0.03695597855040644,0.5168165269181343
rat,100,-0.15,0.03736078550838973,0.4596445232166322
rat,100,-0.15,0.037765592466373,0.42460948789896213
rat,100,-0.15,0.03817039942435628,0.39971336925422335
rat,100,-0.15,0.03857520638233956,0.37203597719582543
rat,100,-0.15,0.03898001334032283,0.33240304872993137
rat,100,-0.15,0.03938482029830612,0.27878802762043814
rat,100,-0.15,0.039789627256289394,0.21633298860263941
rat,100,-0.15,0.04019443421427267,0.15407699334180633
rat,100,-0.15,0.04059924117225595,0.1006057205845644
rat,100,-0.15,0.04100404813023922,0.0611596452964537
rat,100,-0.15,0.04140885508822251,0.03732121197975588
rat,100,-0.15,0.041813662046205784,0.02862679646231082
rat,100,-0.15,0.04221846900418906,0.034532510276762365
rat,100,-0.15,0.04262327596217234,0.055325136074658825
rat,100,-0.15,0.043028082920155614,0.09136527849596211
rat,100,-0.15,0.0434328898781389,0.14103341016368096
rat,100,-0.15,0.043837696836122174,0.1986345649325635
rat,100,-0.15,0.04424250379410545,0.25391405921237686
rat,100,-0.15,0.04464731075208873,0.2942593625723857
rat,100,-0.15,0.045052117710072004,0.30908818925241094
rat,1000,0.85,0.0010223417235094153,1.7541636982172923
rat,1000,0.85,0.0011345301232103767,2.411430351065208
rat,1000,0.85,0.001246718522911338,3.517625318823851
rat,1000,0.85,0.0013589069226122995,5.361522708141036
rat,1000,0.85,0.0014710953223132609,8.282752167022583
rat,1000,0.85,0.0015832837220142223,12.624794883615445
rat,1000,0.85,0.0016954721217151835,18.676735505380094
rat,1000,0.85,0.001807660521416145,26.618808471445014
rat,1000,0.85,0.0019198489211171062,36.492483851200035
rat,1000,0.85,0.002032037320818068,48.21462267770807
rat,1000,0.85,0.002144225720519029,61.63893575683245
rat,1000,0.85,0.00225641412021999,76.63716294871661
rat,1000,0.85,0.002368602519920952,93.14494572773049
rat,1000,0.85,0.0024807909196219134,111.121120739137
rat,1000,0.85,0.0025929793193228746,130.41726941702282
rat,1000,0.85,0.0027051677190238358,150.62378968157438
rat,1000,0.85,0.0028173561187247974,170.99813326598922
rat,1000,0.85,0.002929544518425759,190.55020886852705
rat,1000,0.85,0.0030417329181267197,208.27019262893256
rat,1000,0.85,0.0031539213178276813,223.39577357622505
rat,1000,0.85,0.003266109717528643,235.59220714314998
rat,1000,0.85,0.0033782981172296046,244.97234158489618
rat,1000,0.85,0.0034904865169305653,251.97024875080237
rat,1000,0.85,0.003602674916631527,257.1423817934927
rat,1000,0.85,0.0037148633163324885,260.980149307146
rat,1000,0.85,0.00382705171603345,263.7942624017938
rat,1000,0.85,0.003939240115734411,265.6989805584991
rat,1000,0.85,0.0040514285154353725,266.6898209068025
rat,1000,0.85,0.004163616915136334,266.7689955184648
rat,1000,0.85,0.004275805314837296,266.0420189937652
rat,1000,0.85,0.0043879937145382564,264.7147145744445
rat,1000,0.85,0.004500182114239218,262.97475190688436
rat,1000,0.85,0.00461237051394018,260.8186149716889
rat,1000,0.85,0.00472455891364114,257.9308090240472
rat,1000,0.85,0.004836747313342102,253.70194513834693
rat,1000,0.85,0.004948935713043064,247.39890279327037
rat,1000,0.85,0.005061124112744024,238.42299292528264
rat,1000,0.85,0.005173312512444986,226.5551563069376
rat,1000,0.85,0.005285500912145948,212.098628415699
rat,1000,0.85,0.005397689311846909,195.86815243702753
rat,1000,0.85,0.00550987771154787,179.0212150391263
rat,1000,0.85,0.0056220661112488315,162.77663004048406
rat,1000,0.85,0.005734254510949793,148.11317011595378
rat,1000,0.85,0.005846442910650755,135.56108456916422
rat,1000,0.85,0.0059586313103517155,125.16439744767987
rat,1000,0.85,0.006070819710052677,116.6076627587612
rat,1000,0.85,0.006183008109753639,109.4181919524977
rat,1000,0.85,0.0062951965094546,103.13273756930923
rat,1000,0.85,0.006407384909155561,97.37064191392922
rat,1000,0.85,0.006519573308856523,91.8374916342236
rat,1000,0.85,0.006631761708557484,86.32657913560901
rat,1000,0.85,0.006743950108258445,80.75862868347427
rat,1000,0.85,0.006856138507959407,75.23380456707461
rat,1000,0.85,0.006968326907660368,70.02779685553944
rat,1000,0.85,0.00708051530736133,65.48702374965325
rat,1000,0.85,0.007192703707062291,61.850797211682135
rat,1000,0.85,0.007304892106763252,59.09240189360063
rat,1000,0.85,0.007417080506464214,56.87477381164634
rat,1000,0.85,0.007529268906165175,54.65533838549683
rat,1000,0.85,0.007641457305866136,51.89147293508258
rat,1000,0.85,0.007753645705567098,48.24737741751612
rat,1000,0.85,0.00786583410526806,43.71115713551341
rat,1000,0.85,0.007978022504969021,38.58311832096385
rat,1000,0.85,0.008090210904669982,33.35588695618185
rat,1000,0.85,0.008202399304370944,28.54401991462984
rat,1000,0.85,0.008314587704071905,24.527244020019765
rat,1000,0.85,0.008426776103772866,21.45571267574963
rat,1000,0.85,0.008538964503473828,19.239104242974943
rat,1000,0.85,0.008651152903174789,17.61215632154707
rat,1000,0.85,0.008763341302875751,16.24474311766618
rat,1000,0.85,0.008875529702576712,14.853230339954628
rat,1000,0.85,0.008987718102277673,13.2762107931051
rat,1000,0.85,0.009099906501978634,11.497312247574296
rat,1000,0.85,0.009212094901679596,9.619151249081643
rat,1000,0.85,0.009324283301380557,7.806191448925493
rat,1000,0.85,0.00943647170108152,6.218650815330138
rat,1000,0.85,0.00954866010078248,4.958275865994411
rat,1000,0.85,0.00966084850048344,4.042006014424975
rat,1000,0.85,0.009773036900184403,3.4103567795347236
rat,1000,0.85,0.009885225299885364,2.9639766630173203
rat,1000,0.85,0.009997413699586325,2.6095001908368802
rat,1000,0.85,0.010109602099287287,2.292284589335244
rat,1000,0.85,0.010221790498988248,2.002326677137146
rat,1000,0.85,0.010333978898689209,1.755687266739645
rat,1000,0.85,0.010446167298390171,1.5669050571399665
rat,1000,0.85,0.010558355698091132,1.430256752884241
rat,1000,0.85,0.010670544097792094,1.3191857379202763
rat,1000,0.85,0.010782732497493055,1.2006883673321358
rat,1000,0.85,0.010894920897194016,1.0532787211827748
rat,1000,0.85,0.011007109296894978,0.877462894490793
rat,1000,0.85,0.011119297696595939,0.6944007481826999
rat,1000,0.85,0.0112314860962969,0.5359266541808814
rat,1000,0.85,0.011343674495997862,0.4325059771504356
rat,1000,0.85,0.011455862895698823,0.40414486712347253
rat,1000,0.85,0.011568051295399786,0.45555597436061485
rat,1000,0.85,0.011680239695100746,0.5745621620808367
rat,1000,0.85,0.011792428094801707,0.733106967426566
rat,1000,0.85,0.01190461649450267,0.8917413343173779
rat,1000,0.85,0.01201680489420363,1.008486622458583
rat,1000,0.85,0.012128993293904591,1.0506204940993666
rat,10000,1.85,0.0005963459102642508,70.61986676467674
rat,10000,1.85,0.0006264001639560594,94.02396096537406
rat,10000,1.85,0.0006564544176478679,121.98804581572865
rat,10000,1.85,0.0006865086713396765,154.62326006043213
rat,10000,1.85,0.0007165629250314851,191.93877287883345
rat,10000,1.85,0.0007466171787232937,233.8468407283884
rat,10000,1.85,0.0007766714324151023,280.15052481869486
rat,10000,1.85,0.0008067256861069109,330.50903508243954
rat,10000,1.85,0.0008367799397987195,384.38652427965997
rat,10000,1.85,0.000866834193490528,441.0006205971206
rat,10000,1.85,0.0008968884471823366,499.2921540501705
rat,10000,1.85,0.0009269427008741452,557.9348130278363
rat,10000,1.85,0.0009569969545659537,615.393999771015
rat,10000,1.85,0.0009870512082577625,670.0319054265459
rat,10000,1.85,0.001017105461949571,720.2452307452743
rat,10000,1.85,0.0010471597156413797,764.6158445365645
rat,10000,1.85,0.0010772139693331882,802.0534005630926
rat,10000,1.85,0.0011072682230249967,831.9109194010375
rat,10000,1.85,0.0011373224767168054,854.0570923264903
rat,10000,1.85,0.001167376730408614,868.8909087657665
rat,10000,1.85,0.0011974309841004224,877.2861245901597
rat,10000,1.85,0.0012274852377922312,880.459072503222
rat,10000,1.85,0.0012575394914840397,879.7676844320782
rat,10000,1.85,0.0012875937451758482,876.472002778539
rat,10000,1.85,0.001317647998867657,871.508638427091
rat,10000,1.85,0.0013477022525594654,865.3401518194981
rat,10000,1.85,0.001377756506251274,857.9252020386458
rat,10000,1.85,0.0014078107599430826,848.8185482660455
rat,10000,1.85,0.0014378650136348912,837.3667317897238
rat,10000,1.85,0.0014679192673266997,822.9353733187013
rat,10000,1.85,0.0014979735210185084,805.1000753892595
rat,10000,1.85,0.001528027774710317,783.753653443942
rat,10000,1.85,0.0015580820284021254,759.1157583501546
rat,10000,1.85,0.0015881362820939341,731.66275962653
rat,10000,1.85,0.0016181905357857426,702.0166104705795
rat,10000,1.85,0.0016482447894775514,670.8375521025328
rat,10000,1.85,0.0016782990431693599,638.7565540264577
rat,10000,1.85,0.0017083532968611684,606.3615961922998
rat,10000,1.85,0.001738407550552977,574.2240018211388
rat,10000,1.85,0.0017684618042447856,542.9287925423153
rat,10000,1.85,0.0017985160579365941,513.0689252848671
rat,10000,1.85,0.0018285703116284028,485.1824249285912
rat,10000,1.85,0.0018586245653202113,459.6459750870849
rat,10000,1.85,0.0018886788190120199,436.56983913995384
rat,10000,1.85,0.0019187330727038286,415.7479481384871
rat,10000,1.85,0.001948787326395637,396.6961827691779
rat,10000,1.85,0.001978841580087446,378.7713145072265
rat,10000,1.85,0.002008895833779254,361.3251241258
rat,10000,1.85,0.002038950087471063,343.83427348371345
rat,10000,1.85,0.0020690043411628715,325.96382290335083
rat,10000,1.85,0.0020990585948546803,307.55961844622095
rat,10000,1.85,0.0021291128485464886,288.599732183731
rat,10000,1.85,0.0021591671022382973,269.148302084881
rat,10000,1.85,0.0021892213559301056,249.3415165152205
rat,10000,1.85,0.0022192756096219143,229.4062537339354
rat,10000,1.85,0.002249329863313723,209.68589866222837
rat,10000,1.85,0.0022793841170055317,190.6397852133921
rat,10000,1.85,0.00230943837069734,172.79531625565352
rat,10000,1.85,0.0023394926243891488,156.65638454677395
rat,10000,1.85,0.002369546878080957,142.5946814859906
rat,10000,1.85,0.0023996011317727658,130.7610225662269
rat,10000,1.85,0.0024296553854645745,121.04827482042646
rat,10000,1.85,0.0024597096391563832,113.11939933653919
rat,10000,1.85,0.002489763892848192,106.49151673390419
rat,10000,1.85,0.0025198181465400002,100.64857607863954
rat,10000,1.85,0.0025498724002318085,95.14762188600842
rat,10000,1.85,0.0025799266539236173,89.68887475871415
rat,10000,1.85,0.002609980907615426,84.13504923716916
rat,10000,1.85,0.0026400351613072347,78.48412221123978
rat,10000,1.85,0.0026700894149990434,72.81480623599604
rat,10000,1.85,0.002700143668690852,67.22993768217654
rat,10000,1.85,0.00273019792238266,61.8184780332506
rat,10000,1.85,0.0027602521760744687,56.64473059051542
rat,10000,1.85,0.0027903064297662775,51.75949900485614
rat,10000,1.85,0.002820360683458086,47.218487864705935
rat,10000,1.85,0.002850414937149895,43.09214840686563
rat,10000,1.85,0.0028804691908417036,39.45809121745001
rat,10000,1.85,0.0029105234445335115,36.37783647239
rat,10000,1.85,0.0029405776982253202,33.868248923603154
rat,10000,1.85,0.002970631951917129,31.88054476485796
rat,10000,1.85,0.0030006862056089377,30.296170481630224
rat,10000,1.85,0.0030307404593007464,28.942248468289126
rat,10000,1.85,0.003060794712992555,27.623274334693356
rat,10000,1.85,0.003090848966684363,26.162038326211608
rat,10000,1.85,0.0031209032203761717,24.44086908273411
rat,10000,1.85,0.0031509574740679804,22.433362586476804
rat,10000,1.85,0.003181011727759789,20.217109604979687
rat,10000,1.85,0.003211065981451598,17.961013453221007
rat,10000,1.85,0.0032411202351434066,15.887298509822996
rat,10000,1.85,0.0032711744888352145,14.21660213375087
rat,10000,1.85,0.003301228742527023,13.11099957089861
rat,10000,1.85,0.003331282996218832,12.631100246978278
rat,10000,1.85,0.0033613372499106406,12.718724361557676
rat,10000,1.85,0.0033913915036024493,13.208420448678659
rat,10000,1.85,0.003421445757294258,13.862933851684724
rat,10000,1.85,0.003451500010986067,14.422502883987754
rat,10000,1.85,0.0034815542646778747,14.656236446306577
rat,10000,1.85,0.0035116085183696834,14.404872383350314
rat,10000,1.85,0.003541662772061492,13.606751985098962
rat,10000,1.85,0.003571717025753301,12.302388484728528
rat,100000,2.85,0.00018010757422332505,129.25445404580978
rat,100000,2.85,0.00019108173657644397,188.02939389368103
rat,100000,2.85,0.0002020558989295629,265.5693125294495
rat,100000,2.85,0.0002130300612826818,364.4364449919624
rat,100000,2.85,0.00022400422363580072,486.1692010770744
rat,100000,2.85,0.00023497838598891965,630.8160638071906
rat,100000,2.85,0.00024595254834203857,796.6048280821606
rat,100000,2.85,0.0002569267106951575,979.8498837942986
rat,100000,2.85,0.0002679008730482764,1175.1824328463692
rat,100000,2.85,0.00027887503540139535,1376.1345019249611
rat,100000,2.85,0.00028984919775451427,1576.0176999142445
rat,100000,2.85,0.00030082336010763314,1768.9353053524508
rat,100000,2.85,0.0003117975224607521,1950.6818502480544
rat,100000,2.85,0.000322771684813871,2119.2478143806024
rat,100000,2.85,0.0003337458471669899,2274.695123851896
rat,100000,2.85,0.00034472000952010884,2418.3312505458916
rat,100000,2.85,0.00035569417187322777,2551.3617509511637
rat,100000,2.85,0.0003666683342263467,2673.444061130912
rat,100000,2.85,0.0003776424965794656,2781.6770074568076
rat,100000,2.85,0.00038861665893258454,2870.4768380946603
rat,100000,2.85,0.0003995908212857034,2932.533947523294
rat,100000,2.85,0.0004105649836388224,2960.690025355337
rat,100000,2.85,0.00042153914599194126,2950.222216129283
rat,100000,2.85,0.00043251330834506024,2900.7928067705184
rat,100000,2.85,0.0004434874706981791,2817.344915925285
rat,100000,2.85,0.0004544616330512981,2709.5423296932213
rat,100000,2.85,0.00046543579540441696,2589.859566352288
rat,100000,2.85,0.00047640995775753584,2470.90035847798
rat,100000,2.85,0.0004873841201106548,2362.746420698569
rat,100000,2.85,0.0004983582824637737,2271.047659182155
rat,100000,2.85,0.0005093324448168927,2196.2630130116745
rat,100000,2.85,0.0005203066071700115,2134.1192338850483
rat,100000,2.85,0.0005312807695231305,2077.083999600513
rat,100000,2.85,0.0005422549318762494,2016.4611084656674
rat,100000,2.85,0.0005532290942293684,1944.5928353863915
rat,100000,2.85,0.0005642032565824872,1856.6333931383615
rat,100000,2.85,0.0005751774189356062,1751.4988137005623
rat,100000,2.85,0.0005861515812887251,1631.8814003955822
rat,100000,2.85,0.000597125743641844,1503.4972383764184
rat,100000,2.85,0.0006080999059949629,1373.8563840321647
rat,100000,2.85,0.0006190740683480818,1250.794123327848
rat,100000,2.85,0.0006300482307012008,1140.9270141148154
rat,100000,2.85,0.0006410223930543197,1048.249894301267
rat,100000,2.85,0.0006519965554074386,973.2442464033717
rat,100000,2.85,0.0006629707177605575,912.9204924170575
rat,100000,2.85,0.0006739448801136764,861.9770032423879
rat,100000,2.85,0.0006849190424667954,814.7621014606666
rat,100000,2.85,0.0006958932048199142,767.2597705467177
rat,100000,2.85,0.0007068673671730332,718.2242600948532
rat,100000,2.85,0.0007178415295261521,668.9839052361409
rat,100000,2.85,0.0007288156918792711,622.1102638272296
rat,100000,2.85,0.0007397898542323899,579.70566088471
rat,100000,2.85,0.0007507640165855089,542.1873401224781
rat,100000,2.85,0.0007617381789386278,508.10518475657614
rat,100000,2.85,0.0007727123412917467,474.952214257422
rat,100000,2.85,0.0007836865036448656,440.43847541545784
rat,100000,2.85,0.0007946606659979845,403.5363107964089
rat,100000,2.85,0.0008056348283511035,364.81205038237175
rat,100000,2.85,0.0008166089907042224,325.9866338069468
rat,100000,2.85,0.0008275831530573413,289.06403537538074
rat,100000,2.85,0.0008385573154104602,255.52171067057884
rat,100000,2.85,0.0008495314777635792,225.9236874687857
rat,100000,2.85,0.000860505640116698,200.02258300518267
rat,100000,2.85,0.000871479802469817,177.16093468326454
rat,100000,2.85,0.0008824539648229359,156.6950954953514
rat,100000,2.85,0.0008934281271760548,138.24242930555948
rat,100000,2.85,0.0009044022895291738,121.69882483934151
rat,100000,2.85,0.0009153764518822926,107.09223608758326
rat,100000,2.85,0.0009263506142354116,94.38881424877906
rat,100000,2.85,0.0009373247765885305,83.36061907797217
rat,100000,2.85,0.0009482989389416495,73.5806524299785
rat,100000,2.85,0.0009592731012947683,64.5480796908098
rat,100000,2.85,0.0009702472636478873,55.88064020968922
rat,100000,2.85,0.0009812214260010062,47.470212460325456
rat,100000,2.85,0.0009921955883541252,39.509795952710334
rat,100000,2.85,0.0010031697507072441,32.36866956980771
rat,100000,2.85,0.001014143913060363,26.3809239367412
rat,100000,2.85,0.0010251180754134819,21.664855338436357
rat,100000,2.85,0.0010360922377666009,18.07139419320808
rat,100000,2.85,0.0010470664001197198,15.281839771751983
rat,100000,2.85,0.0010580405624728386,12.990882951782423
rat,100000,2.85,0.0010690147248259576,11.072395776975403
rat,100000,2.85,0.0010799888871790766,9.648190240125679
rat,100000,2.85,0.0010909630495321955,9.037464500700615
rat,100000,2.85,0.0011019372118853143,9.616088604735019
rat,100000,2.85,0.0011129113742384333,11.638260850998936
rat,100000,2.85,0.0011238855365915523,15.075164218465794
rat,100000,2.85,0.001134859698944671,19.522722860162464
rat,100000,2.85,0.00114583386129779,24.225234109481438
rat,100000,2.85,0.001156808023650909,28.237699495854766
rat,100000,2.85,0.0011677821860040277,30.696571271697024
rat,100000,2.85,0.0011787563483571467,31.104902069451366
rat,100000,2.85,0.0011897305107102657,29.506721185503014
rat,100000,2.85,0.0012007046730633847,26.460624567806374
rat,100000,2.85,0.0012116788354165034,22.81503356582813
rat,100000,2.85,0.0012226529977696224,19.385710850604692
rat,100000,2.85,0.0012336271601227414,16.681349932937497
rat,100000,2.85,0.0012446013224758602,14.790704668733012
rat,100000,2.85,0.0012555754848289791,13.457785409433225
rat,100000,2.85,0.0012665496471820981,12.28151070238547
human,100,0.15,0.01785744555119909,4.234468982556008
human,100,0.15,0.01889531741565027,5.940241346209453
human,100,0.15,0.01993318928010145,8.020037038510631
human,100,0.15,0.020971061144552633,10.428998824917757
human,100,0.15,0.022008933009003813,13.076328006968696
human,100,0.15,0.023046804873454993,15.837497189381356
human,100,0.15,0.024084676737906173,18.577588473619613
human,100,0.15,0.025122548602357353,21.177538395129943
human,100,0.15,0.026160420466808533,23.55264954350234
human,100,0.15,0.027198292331259713,25.656126017115454
human,100,0.15,0.028236164195710897,27.468167797128903
human,100,0.15,0.029274036060162077,28.978792646817435
human,100,0.15,0.030311907924613257,30.175291898688755
human,100,0.15,0.03134977978906444,31.04137331110614
human,100,0.15,0.03238765165351562,31.567239604828313
human,100,0.15,0.0334255235179668,31.763195377432552
human,100,0.15,0.03446339538241798,31.667731986003464
human,100,0.15,0.03550126724686916,31.344532480268956
human,100,0.15,0.03653913911132034,30.86853791299552
human,100,0.15,0.03757701097577153,30.3059665197202
human,100,0.15,0.0386148828402227,29.69557555300823
human,100,0.15,0.03965275470467389,29.038448843314477
human,100,0.15,0.04069062656912506,28.301161310882918
human,100,0.15,0.04172849843357625,27.432347697142653
human,100,0.15,0.04276637029802742,26.386852827485182
human,100,0.15,0.04380424216247861,25.14775154220276
human,100,0.15,0.04484211402692979,23.737265533486124
human,100,0.15,0.04587998589138097,22.212867545850532
human,100,0.15,0.04691785775583215,20.651543425110862
human,100,0.15,0.04795572962028333,19.129581275471324
human,100,0.15,0.048993601484734514,17.70572653341931
human,100,0.15,0.05003147334918569,16.412928320968696
human,100,0.15,0.051069345213636874,15.259988191739914
human,100,0.15,0.05210721707808805,14.240539196082771
human,100,0.15,0.053145088942539234,13.343912358545872
human,100,0.15,0.05418296080699041,12.561830510122888
human,100,0.15,0.055220832671441594,11.887484181518337
human,100,0.15,0.05625870453589277,11.308594443664074
human,100,0.15,0.057296576400343954,10.800501123993156
human,100,0.15,0.05833444826479514,10.325743656749863
human,100,0.15,0.059372320129246314,9.842285055574669
human,100,0.15,0.0604101919936975,9.316457713386852
human,100,0.15,0.061448063858148674,8.733386888536387
human,100,0.15,0.06248593572259986,8.099412944204918
human,100,0.15,0.06352380758705103,7.43624927654866
human,100,0.15,0.06456167945150222,6.771247467235439
human,100,0.15,0.0655995513159534,6.129135288788496
human,100,0.15,0.06663742318040458,5.528028494695762
human,100,0.15,0.06767529504485575,4.979011522718078
human,100,0.15,0.06871316690930694,4.4868497227032895
human,100,0.15,0.06975103877375813,4.050199154133004
human,100,0.15,0.0707889106382093,3.66166050675812
human,100,0.15,0.07182678250266049,3.3091705661046684
human,100,0.15,0.07286465436711166,2.979571786305516
human,100,0.15,0.07390252623156285,2.6634377406190906
human,100,0.15,0.07494039809601402,2.3589344842277553
human,100,0.15,0.07597826996046521,2.072744576524192
human,100,0.15,0.07701614182491638,1.817625862478565
human,100,0.15,0.07805401368936757,1.6078017008800194
human,100,0.15,0.07909188555381876,1.4540184904424456
human,100,0.15,0.08012975741826993,1.3596912793083948
human,100,0.15,0.0811676292827211,1.3188401349891359
human,100,0.15,0.08220550114717229,1.3161640954410432
human,100,0.15,0.08324337301162346,1.3295252735760206
human,100,0.15,0.08428124487607465,1.3347373315071833
human,100,0.15,0.08531911674052584,1.3116045949566066
human,100,0.15,0.08635698860497701,1.2491781975443947
human,100,0.15,0.0873948604694282,1.1481066306212437
human,100,0.15,0.08843273233387937,1.0191439772237354
human,100,0.15,0.08947060419833056,0.8786987737523089
human,100,0.15,0.09050847606278173,0.7435629185731756
human,100,0.15,0.09154634792723292,0.6268904525465753
human,100,0.15,0.09258421979168409,0.5363513838963389
human,100,0.15,0.09362209165613528,0.47411428160426944
human,100,0.15,0.09465996352058645,0.4377293026219183
human,100,0.15,0.09569783538503764,0.4212128480162248
human,100,0.15,0.09673570724948882,0.4162040679610891
human,100,0.15,0.09777357911394,0.4134123901445684
human,100,0.15,0.09881145097839118,0.40446856080455995
human,100,0.15,0.09984932284284236,0.38388240634232423
human,100,0.15,0.10088719470729354,0.350449754694591
human,100,0.15,0.10192506657174472,0.30744163236730476
human,100,0.15,0.1029629384361959,0.26132863857635386
human,100,0.15,0.10400081030064708,0.21944498235095483
human,100,0.15,0.10503868216509826,0.18751427147438077
human,100,0.15,0.10607655402954944,0.16802968834287904
human,100,0.15,0.10711442589400062,0.16004677299883135
human,100,0.15,0.10815229775845181,0.1602496952199811
human,100,0.15,0.10919016962290298,0.1645879610199044
human,100,0.15,0.11022804148735417,0.1696566147986256
human,100,0.15,0.11126591335180534,0.17333328684957905
human,100,0.15,0.11230378521625653,0.17471632534457612
human,100,0.15,0.1133416570807077,0.17375229000208878
human,100,0.15,0.11437952894515889,0.1709013287790482
human,100,0.15,0.11541740080961006,0.16689888146645604
human,100,0.15,0.11645527267406125,0.16246185245176553
human,100,0.15,0.11749314453851242,0.15786801541036333
human,100,0.15,0.11853101640296361,0.15260017564617423
human,100,0.15,0.1195688882674148,0.14537979590497097
human,100,0.15,0.12060676013186597,0.13472563206685165
human,1000,1.15,0.004983991120093283,5.114013072424932
human,1000,1.15,0.005336122869196508,7.504059849279685
human,1000,1.15,0.005688254618299733,10.775170303025437
human,1000,1.15,0.006040386367402958,15.123055998657083
human,1000,1.15,0.006392518116506183,20.67919122032473
human,1000,1.15,0.006744649865609408,27.44875262131295
human,1000,1.15,0.007096781614712633,35.272217178049814
human,1000,1.15,0.007448913363815857,43.83436333991076
human,1000,1.15,0.007801045112919083,52.72432328959063
human,1000,1.15,0.008153176862022308,61.523573320135874
human,1000,1.15,0.008505308611125533,69.88226224097805
human,1000,1.15,0.008857440360228758,77.5513309106941
human,1000,1.15,0.009209572109331984,84.36611249852135
human,1000,1.15,0.009561703858435208,90.20706727772398
human,1000,1.15,0.009913835607538432,94.97227468616089
human,1000,1.15,0.010265967356641658,98.57802805092817
human,1000,1.15,0.010618099105744884,100.97577032022008
human,1000,1.15,0.010970230854848108,102.1616918668456
human,1000,1.15,0.011322362603951332,102.16918019489538
human,1000,1.15,0.011674494353054558,101.05728872976984
human,1000,1.15,0.012026626102157784,98.91457461610442
human,1000,1.15,0.012378757851261009,95.8792974317955
human,1000,1.15,0.012730889600364233,92.15330420863201
human,1000,1.15,0.013083021349467459,87.98441502129403
human,1000,1.15,0.013435153098570683,83.61660846971245
human,1000,1.15,0.013787284847673909,79.23717640400753
human,1000,1.15,0.014139416596777133,74.95709737050633
human,1000,1.15,0.014491548345880359,70.83720614591375
human,1000,1.15,0.014843680094983583,66.93720592212422
human,1000,1.15,0.01519581184408681,63.34548391037324
human,1000,1.15,0.015547943593190033,60.15971246602532
human,1000,1.15,0.01590007534229326,57.423094554464875
human,1000,1.15,0.016252207091396485,55.05559434435093
human,1000,1.15,0.016604338840499708,52.83087676970345
human,1000,1.15,0.016956470589602934,50.4289453980342
human,1000,1.15,0.01730860233870616,47.55185769164445
human,1000,1.15,0.017660734087809382,44.05029613315298
human,1000,1.15,0.018012865836912608,39.99724885462819
human,1000,1.15,0.018364997586015834,35.67010120112517
human,1000,1.15,0.018717129335119057,31.449426142676256
human,1000,1.15,0.019069261084222286,27.683717162487387
human,1000,1.15,0.01942139283332551,24.581672739640688
human,1000,1.15,0.019773524582428734,22.17363139414085
human,1000,1.15,0.02012565633153196,20.34601035021551
human,1000,1.15,0.020477788080635183,18.919019026012528
human,1000,1.15,0.02082991982973841,17.724662272517616
human,1000,1.15,0.021182051578841635,16.652171568414253
human,1000,1.15,0.02153418332794486,15.652085805650637
human,1000,1.15,0.021886315077048083,14.713038270453678
human,1000,1.15,0.02223844682615131,13.83467851483658
human,1000,1.15,0.022590578575254535,13.013432074070119
human,1000,1.15,0.022942710324357758,12.242703148825655
human,1000,1.15,0.023294842073460983,11.517748624297722
human,1000,1.15,0.02364697382256421,10.835237641728623
human,1000,1.15,0.023999105571667435,10.186151632967547
human,1000,1.15,0.024351237320770658,9.54917695488418
human,1000,1.15,0.024703369069873884,8.892646506040967
human,1000,1.15,0.02505550081897711,8.186407494631515
human,1000,1.15,0.025407632568080336,7.417056084722874
human,1000,1.15,0.025759764317183558,6.597281804872179
human,1000,1.15,0.026111896066286784,5.7640388793578445
human,1000,1.15,0.02646402781539001,4.967033918998408
human,1000,1.15,0.026816159564493236,4.25345566229489
human,1000,1.15,0.02716829131359646,3.654888322555765
human,1000,1.15,0.027520423062699684,3.179792148055688
human,1000,1.15,0.02787255481180291,2.812749240263516
human,1000,1.15,0.028224686560906133,2.5206460843561778
human,1000,1.15,0.02857681831000936,2.2645979697998806
human,1000,1.15,0.028928950059112585,2.0138219923783196
human,1000,1.15,0.02928108180821581,1.7556087802096119
human,1000,1.15,0.029633213557319033,1.4967612157439432
human,1000,1.15,0.02998534530642226,1.2564836197610276
human,1000,1.15,0.030337477055525485,1.055381120883192
human,1000,1.15,0.03068960880462871,0.906391426526175
human,1000,1.15,0.031041740553731934,0.8108497025630532
human,1000,1.15,0.03139387230283516,0.759341625410125
human,1000,1.15,0.031746004051938385,0.7352620497723202
human,1000,1.15,0.03209813580104161,0.719325822007432
human,1000,1.15,0.03245026755014484,0.6941695333097502
human,1000,1.15,0.03280239929924806,0.6484620717014091
human,1000,1.15,0.03315453104835128,0.5796829824659347
human,1000,1.15,0.03350666279745451,0.4946257992133013
human,1000,1.15,0.033858794546557734,0.407152379201706
human,1000,1.15,0.03421092629566096,0.33362769363405004
human,1000,1.15,0.034563058044764186,0.28736140956347717
human,1000,1.15,0.03491518979386741,0.2738663585883252
human,1000,1.15,0.03526732154297063,0.2886328979488913
human,1000,1.15,0.03561945329207386,0.31842545060734784
human,1000,1.15,0.03597158504117709,0.34593577383199137
human,1000,1.15,0.03632371679028031,0.3562398164735243
human,1000,1.15,0.036675848539383535,0.3424922018672747
human,1000,1.15,0.03702798028848676,0.308381842929734
human,1000,1.15,0.03738011203758999,0.26627668398845644
human,1000,1.15,0.03773224378669321,0.2319777566472163
human,1000,1.15,0.03808437553579644,0.2183940251827548
human,1000,1.15,0.03843650728489966,0.2305899946717477
human,1000,1.15,0.038788639034002884,0.2638464199102822
human,1000,1.15,0.03914077078310611,0.305274141445028
human,1000,1.15,0.039492902532209335,0.3384331868161322
human,1000,1.15,0.03984503428131256,0.3493355396598616
human,10000,2.15,0.0016562334990248336,22.56686082228158
human,10000,2.15,0.001753554171561458,31.718406921209382
human,10000,2.15,0.0018508748440980822,43.302374967634215
human,10000,2.15,0.0019481955166347066,57.452309015267005
human,10000,2.15,0.0020455161891713308,74.12521614062575
human,10000,2.15,0.0021428368617079554,93.07039708804554
human,10000,2.15,0.0022401575342445796,113.82523911534219
human,10000,2.15,0.0023374782067812037,135.74210491300545
human,10000,2.15,0.002434798879317828,158.04428895052024
human,10000,2.15,0.0025321195518544525,179.90381217688468
human,10000,2.15,0.0026294402243910767,200.53080794869445
human,10000,2.15,0.0027267608969277013,219.26316954857234
human,10000,2.15,0.0028240815694643255,235.64468910981202
human,10000,2.15,0.0029214022420009497,249.47915691370224
human,10000,2.15,0.003018722914537574,260.84745694907514
human,10000,2.15,0.003116043587074198,270.07681245740594
human,10000,2.15,0.0032133642596108227,277.6582498134896
human,10000,2.15,0.0033106849321474473,284.1203915780328
human,10000,2.15,0.0034080056046840715,289.8823839987458
human,10000,2.15,0.0035053262772206956,295.1213986843612
human,10000,2.15,0.00360264694975732,299.69514760950585
human,10000,2.15,0.0036999676222939444,303.15238864736335
human,10000,2.15,0.0037972882948305686,304.84249760161293
human,10000,2.15,0.003894608967367193,304.1023877063307
human,10000,2.15,0.003991929639903817,300.46608904814315
human,10000,2.15,0.004089250312440442,293.82478404410307
human,10000,2.15,0.004186570984977066,284.4761084921397
human,10000,2.15,0.00428389165751369,273.04215765686314
human,10000,2.15,0.004381212330050314,260.2903464468471
human,10000,2.15,0.004478533002586939,246.93346035087623
human,10000,2.15,0.0045758536751235625,233.49165988233307
human,10000,2.15,0.0046731743476601875,220.26471468795978
human,10000,2.15,0.004770495020196812,207.4050713709565
human,10000,2.15,0.004867815692733436,195.03273165455764
human,10000,2.15,0.004965136365270061,183.31791156839958
human,10000,2.15,0.005062457037806684,172.4835422237634
human,10000,2.15,0.005159777710343309,162.73012473231438
human,10000,2.15,0.0052570983828799335,154.1309802214539
human,10000,2.15,0.005354419055416558,146.5619584212687
human,10000,2.15,0.005451739727953182,139.7096376324602
human,10000,2.15,0.005549060400489806,133.15959798132087
human,10000,2.15,0.00564638107302643,126.52602692820902
human,10000,2.15,0.005743701745563055,119.56667799568314
human,10000,2.15,0.005841022418099679,112.23926251322476
human,10000,2.15,0.005938343090636304,104.68645745725983
human,10000,2.15,0.006035663763172928,97.16803585111923
human,10000,2.15,0.006132984435709552,89.97463792766551
human,10000,2.15,0.006230305108246176,83.35433095504577
human,10000,2.15,0.006327625780782801,77.46766966552606
human,10000,2.15,0.006424946453319425,72.37123390205589
human,10000,2.15,0.0065222671258560495,68.02169264778186
human,10000,2.15,0.006619587798392674,64.29293961727153
human,10000,2.15,0.006716908470929298,61.002822665483635
human,10000,2.15,0.006814229143465922,57.94795828659938
human,10000,2.15,0.006911549816002546,54.94305159887313
human,10000,2.15,0.007008870488539171,51.85707977190909
human,10000,2.15,0.0071061911610757955,48.63648449783175
human,10000,2.15,0.00720351183361242,45.30780079963874
human,10000,2.15,0.007300832506149044,41.95868135282199
human,10000,2.15,0.007398153178685668,38.704186494467955
human,10000,2.15,0.007495473851222292,35.6506494533019
human,10000,2.15,0.007592794523758917,32.8695979983983
human,10000,2.15,0.007690115196295541,30.388891483652312
human,10000,2.15,0.007787435868832166,28.200057126027513
human,10000,2.15,0.00788475654136879,26.274034318674616
human,10000,2.15,0.007982077213905415,24.575651779367337
human,10000,2.15,0.008079397886442038,23.070741952615837
human,10000,2.15,0.008176718558978661,21.726087543012373
human,10000,2.15,0.008274039231515287,20.507147630426076
human,10000,2.15,0.008371359904051912,19.378861714081367
human,10000,2.15,0.008468680576588537,18.31114897877719
human,10000,2.15,0.00856600124912516,17.2860934022993
human,10000,2.15,0.008663321921661783,16.30165200082536
human,10000,2.15,0.008760642594198408,15.368415484615227
human,10000,2.15,0.008857963266735033,14.5001247080885
human,10000,2.15,0.008955283939271658,13.702450281897734
human,10000,2.15,0.009052604611808282,12.96565420364628
human,10000,2.15,0.009149925284344905,12.264710937724942
human,10000,2.15,0.00924724595688153,11.566642767664202
human,10000,2.15,0.009344566629418155,10.841378112373041
human,10000,2.15,0.009441887301954778,10.071079640513473
human,10000,2.15,0.009539207974491403,9.254100034152282
human,10000,2.15,0.009636528647028027,8.40269422068713
human,10000,2.15,0.009733849319564652,7.536730254755728
human,10000,2.15,0.009831169992101277,6.677292973049386
human,10000,2.15,0.0099284906646379,5.843479373786604
human,10000,2.15,0.010025811337174525,5.053291909631914
human,10000,2.15,0.010123132009711149,4.326794057159068
human,10000,2.15,0.010220452682247774,3.688219011415867
human,10000,2.15,0.010317773354784397,3.1643383572803834
human,10000,2.15,0.010415094027321022,2.778647106712406
human,10000,2.15,0.010512414699857647,2.543409773602127
human,10000,2.15,0.01060973537239427,2.4529282478830297
human,10000,2.15,0.010707056044930895,2.4809622183991213
human,10000,2.15,0.010804376717467519,2.5835305418868724
human,10000,2.15,0.010901697390004144,2.7063775361558213
human,10000,2.15,0.010999018062540769,2.7950536892067834
human,10000,2.15,0.011096338735077392,2.8050958773111048
human,10000,2.15,0.011193659407614017,2.7099879728799263
human,10000,2.15,0.01129098008015064,2.5051611741203623
human,100000,3.15,0.0004425617432825141,22.0577553730358
human,100000,3.15,0.00047297767911948506,33.06640704569249
human,100000,3.15,0.000503393614956456,48.31301521371178
human,100000,3.15,0.0005338095507934269,68.59519137849075
human,100000,3.15,0.0005642254866303979,94.54316399176602
human,100000,3.15,0.0005946414224673688,126.62210697035161
human,100000,3.15,0.0006250573583043398,165.215911428684
human,100000,3.15,0.0006554732941413108,210.7290761024639
human,100000,3.15,0.0006858892299782817,263.60483500992456
human,100000,3.15,0.0007163051658152527,324.17890531273565
human,100000,3.15,0.0007467211016522236,392.36910739820325
human,100000,3.15,0.0007771370374891946,467.3007860877345
human,100000,3.15,0.0008075529733261656,547.0305122868374
human,100000,3.15,0.0008379689091631364,628.5210801514005
human,100000,3.15,0.0008683848450001075,707.9434160186363
human,100000,3.15,0.0008988007808370783,781.2683756804377
human,100000,3.15,0.0009292167166740494,845.0028104220327
human,100000,3.15,0.0009596326525110202,896.853632766898
human,100000,3.15,0.0009900485883479913,936.0992789696194
human,100000,3.15,0.0010204645241849622,963.5278870821961
human,100000,3.15,0.0010508804600219332,980.9547740480766
human,100000,3.15,0.001081296395858904,990.5032257770508
human,100000,3.15,0.0011117123316958751,993.9371615639502
human,100000,3.15,0.001142128267532846,992.3053130680065
human,100000,3.15,0.0011725442033698168,985.9967919661713
human,100000,3.15,0.001202960139206788,975.099411213207
human,100000,3.15,0.0012333760750437588,959.8110988791948
human,100000,3.15,0.0012637920108807298,940.6590605990289
human,100000,3.15,0.0012942079467177007,918.4212984296256
human,100000,3.15,0.0013246238825546717,893.8311161726739
human,100000,3.15,0.0013550398183916426,867.2659929603775
human,100000,3.15,0.0013854557542286137,838.6136074714726
human,100000,3.15,0.0014158716900655845,807.3889193898245
human,100000,3.15,0.0014462876259025554,773.0310127845413
human,100000,3.15,0.0014767035617395264,735.2269904573603
human,100000,3.15,0.0015071194975764973,694.1295741278183
human,100000,3.15,0.0015375354334134683,650.4202650052276
human,100000,3.15,0.0015679513692504392,605.2486285719845
human,100000,3.15,0.0015983673050874103,560.1006327351602
human,100000,3.15,0.001628783240924381,516.6231716528746
human,100000,3.15,0.0016591991767613522,476.40651432009264
human,100000,3.15,0.001689615112598323,440.73855256546807
human,100000,3.15,0.001720031048435294,410.3841273144179
human,100000,3.15,0.001750446984272265,385.4649091967027
human,100000,3.15,0.001780862920109236,365.488470916488
human,100000,3.15,0.0018112788559462069,349.5128963163874
human,100000,3.15,0.001841694791783178,336.3811280114055
human,100000,3.15,0.0018721107276201488,324.9506602628084
human,100000,3.15,0.0019025266634571196,314.27130448087195
human,100000,3.15,0.0019329425992940907,303.6923100117851
human,100000,3.15,0.0019633585351310615,292.889323107995
human,100000,3.15,0.0019937744709680326,281.80418816077366
human,100000,3.15,0.0020241904068050037,270.5110128855948
human,100000,3.15,0.0020546063426419747,259.0599503097792
human,100000,3.15,0.0020850222784789454,247.37324763208917
human,100000,3.15,0.0021154382143159164,235.24481315406055
human,100000,3.15,0.0021458541501528875,222.43251234188662
human,100000,3.15,0.0021762700859898586,208.77752779757057
human,100000,3.15,0.002206686021826829,194.2799174612187
human,100000,3.15,0.0022371019576638003,179.10319292907022
human,100000,3.15,0.0022675178935007713,163.5317483021828
human,100000,3.15,0.0022979338293377424,147.9218697555186
human,100000,3.15,0.002328349765174713,132.66556153158837
human,100000,3.15,0.002358765701011684,118.1574403180061
human,100000,3.15,0.002389181636848655,104.74990431411021
human,100000,3.15,0.0024195975726856262,92.70218117254291
human,100000,3.15,0.002450013508522597,82.14856429844899
human,100000,3.15,0.002480429444359568,73.10553757803534
human,100000,3.15,0.002510845380196539,65.50897077208992
human,100000,3.15,0.00254126131603351,59.24823560423178
human,100000,3.15,0.0025716772518704807,54.16910646256942
human,100000,3.15,0.0026020931877074518,50.0499055176217
human,100000,3.15,0.002632509123544423,46.58702738544838
human,100000,3.15,0.002662925059381394,43.42683364902212
human,100000,3.15,0.0026933409952183645,40.24703754836159
human,100000,3.15,0.0027237569310553356,36.84868829365757
human,100000,3.15,0.0027541728668923067,33.204319204682804
human,100000,3.15,0.0027845888027292777,29.432140102814866
human,100000,3.15,0.0028150047385662484,25.712061685907184
human,100000,3.15,0.0028454206744032194,22.193035618986737
human,100000,3.15,0.0028758366102401905,18.94052225380601
human,100000,3.15,0.002906252546077161,15.942413724621458
human,100000,3.15,0.002936668481914132,13.15553629297657
human,100000,3.15,0.0029670844177511033,10.55641309978558
human,100000,3.15,0.0029975003535880743,8.16654285237904
human,100000,3.15,0.003027916289425045,6.044150004696669
human,100000,3.15,0.003058332225262016,4.254796476832983
human,100000,3.15,0.003088748161098987,2.841343690170883
human,100000,3.15,0.003119164096935958,1.808719640484076
human,100000,3.15,0.003149580032772929,1.1274226755222982
human,100000,3.15,0.0031799959686099,0.7495319837912356
human,100000,3.15,0.003210411904446871,0.6265968818566957
human,100000,3.15,0.003240827840283842,0.7202195397368947
human,100000,3.15,0.0032712437761208127,1.0010732185344096
human,100000,3.15,0.0033016597119577837,1.437947718925671
human,100000,3.15,0.003332075647794755,1.983294753835493
human,100000,3.15,0.0033624915836317254,2.564123479133226
human,100000,3.15,0.0033929075194686965,3.085628103721176
human,100000,3.15,0.0034233234553056676,3.4493433925424957
human,100000,3.15,0.0034537393911426386,3.579926363115987
