group,x,y
within,1.071011706544666,0.02885874399005679
within,1.1159208660171123,0.027007758402468458
within,1.1263171591885575,0.027723973962458737
within,1.0010898775549297,0.027849177990412362
within,1.0060825344221707,0.027036322062197155
within,1.0899611232291508,0.02564042500153921
within,0.9443352075232604,0.020598627823345515
within,1.1012147087035207,0.03640546851124179
within,0.998242493955227,0.027840715035880304
within,0.8847570173005805,0.023389315398306403
within,0.8716177441218831,0.03233917763531805
within,1.102597963311839,0.028922697362461496
within,0.8666703750720633,0.025879064529289883
within,0.9341834308400968,0.03504508729748535
within,0.9502390121504638,0.028311786559266975
within,0.9018983335574782,0.030563551730478804
within,0.9441680109405968,0.027507313754348152
within,1.0728077700175258,0.025144231461959748
within,0.8544048530680213,0.017696511509727505
within,1.098152027356206,0.026759808200817838
within,1.1069644070723674,0.03039289022864418
within,0.9616784719574645,0.03162413295042443
within,0.8960838697181904,0.025520900243413434
within,1.0302521223835241,0.021987936316365145
within,0.8859017667594683,0.03011124798380259
within,0.9594758083234758,0.02881123174647685
within,1.1375287542702917,0.018253924250498342
within,1.148639341775091,0.02705303067125597
within,1.0816314674063756,0.02601834199559424
within,0.9432884529762299,0.028990478514722317
within,1.0562995147498278,0.02574773624098049
within,1.0616219096452038,0.025001038567392244
within,0.9663525085490949,0.033078452827767724
within,1.042266590375848,0.023888635191710264
within,0.8532182934927028,0.02397580511192271
within,0.9127172975806724,0.037193154034703704
within,1.0075264908901784,0.028421094543902393
within,0.8991253912774888,0.01892629031279502
within,0.8997720603629601,0.02705867230670585
within,1.1008912871650713,0.027742305291425788
within,1.1467399008050816,0.024753873027015014
within,1.0167908284085345,0.0272944936373862
within,1.101720919264514,0.031699471286436604
within,1.1470964992978818,0.03498848624334702
within,0.8924787665706324,0.028028623016047825
within,0.9844736839763053,0.02257624620687664
within,0.967771814752576,0.029038789119238264
within,0.8740147850938556,0.030347382852059127
within,1.0765990518384234,0.04006953491016423
within,0.9801337081967779,0.024183430843557754
within,0.9907980802571204,0.027512292923579866
within,0.8952018921439721,0.02635336387961662
within,0.9042779956692605,0.030124907260747995
within,1.1221310866468646,0.03131789146274218
within,0.8633947266922837,0.03547626209621717
within,0.9198556854831119,0.027615765844122956
within,0.9376177990943585,0.026315884496818313
within,0.997059262720476,0.03976436410736239
within,1.0259335519044388,0.02542083518196152
within,0.9979869927552,0.026111236469513435
within,0.8752346003670646,0.027821700002398406
within,0.9231002362167141,0.029540533101239032
within,1.1030765154287623,0.02657464174951567
within,1.0412766101435378,0.02932053087988344
within,1.0447447150402822,0.023572660678908456
within,1.0510609766054064,0.03823761158845245
within,1.0788709057118586,0.023411877211191007
within,0.8674325445164341,0.028058176038508846
within,0.9599825154797837,0.029146298444534903
within,1.0118582305785035,0.024763692788764557
within,0.9515369449891978,0.03047488440140714
within,1.1033436619861559,0.026297794543496757
within,0.9947717525761882,0.029636939615834426
within,1.0805882768378137,0.026406145274209095
within,1.1056046550643508,0.023672993900835927
within,1.0014374448710495,0.019681644408103775
within,1.122865673161405,0.02570619306774033
within,1.026137182161094,0.02602338601653718
within,1.1050822896501165,0.0254498308082015
within,0.9521772386774573,0.02738803252305087
within,0.9996450875594456,0.019315292183330737
within,1.0094233123013734,0.0245913611320487
within,0.8814939147688212,0.03488004927943058
within,0.9695657520104621,0.02242143943635761
within,1.125201301765503,0.031048503862493866
within,1.0392496721094227,0.024620003630684277
within,0.9032519747310903,0.028174063225970554
within,0.9516566906828815,0.03686565902829866
within,0.90748090289881,0.02082175242829283
within,0.8574469395395717,0.02911640939490885
within,1.128238137551208,0.023317998646127634
within,0.9844621984770614,0.027113025104230748
within,0.9422605217262359,0.031682681211216646
within,1.029543157467321,0.025008442811899
within,0.8521943368879047,0.020452243357293988
within,0.9334066319802441,0.029566502480952717
within,1.0609100397096678,0.02955260174856917
within,1.0401309319207788,0.02346219733284744
within,1.1445417842627605,0.03455498077501487
within,1.0361073128974132,0.03053891116733184
within,0.9932517620883199,0.03021302076432605
within,1.0784297689552023,0.030203575101151937
within,1.1209983615892158,0.028658283834308292
within,1.0662087840155055,0.028689015263999144
within,1.1389633670648138,0.03010117521190371
within,1.084601551221453,0.0298049450402988
within,1.110040431478578,0.029913800174171685
within,0.8842312213550911,0.029485775303621887
within,1.0697240508981363,0.029200096169253693
within,0.9820266098582106,0.02775014131163484
within,1.0159311407233826,0.02514427859495781
within,1.046230722844707,0.036654054277361646
within,1.140944535011671,0.02669311567393939
within,1.1453734244294873,0.03405482634625231
within,0.9364684736463715,0.027773059157646784
within,1.0701260492313749,0.02463406774853834
within,1.0749950613805805,0.023344822524696163
within,0.9539478583939146,0.023012932857742308
within,0.8871609324592663,0.027233147653488818
within,0.8622840880857159,0.035706959607598975
within,1.0832029382587536,0.02367011800678778
within,0.9969099225450717,0.03054619557214211
within,1.1456620508484778,0.021885010752913596
within,0.989492036858096,0.022230828776968786
within,1.143375093722152,0.028089908966331567
within,0.973472800658218,0.023863927356520508
within,1.0881046451679919,0.027496706206287743
within,0.8754457816935496,0.02854567078825354
within,1.0166385130413291,0.025050913863851165
within,1.0906179360957173,0.027423520775972647
within,1.1274105001659667,0.030226564300446658
within,1.0967749271852294,0.025709420202032207
within,0.8610912181603523,0.038545123050828224
within,0.9618107023920203,0.03235963219387785
within,0.8646095416941554,0.03048521719973938
within,0.8827846873343674,0.03635153271561928
within,1.0525916886002453,0.0217500700453656
within,1.0639774588935094,0.026928653205480192
within,1.082116204825488,0.01369339185470168
within,1.1096369644166988,0.021692349840382777
within,1.071829440542953,0.021638582338346327
within,1.0902614776319897,0.03191341603448529
within,0.8646891129469838,0.028369725682391614
within,0.9203605451323895,0.02215051446376992
within,1.0365693320125737,0.038484995349950944
within,1.107437591387447,0.027186240072368483
within,0.8513500374818977,0.0343112444943736
within,1.0043888026349048,0.026721666361159017
within,1.0531862198093191,0.01820435212649771
within,0.858882186738584,0.027317902565629545
within,0.9704066672660163,0.03219933968974449
within,1.118690464415109,0.025716077425404316
within,1.0514838426567577,0.024227420038922306
within,0.9212975090081792,0.03033980761771988
within,1.1058343388895737,0.027238295711101087
within,0.9544094270228543,0.03948205703859157
within,1.1060034013432178,0.02567122277543056
within,0.9396830953356716,0.028611706420098994
within,1.0270960752649447,0.02621265197803904
within,0.9690820203243502,0.03815699858475221
within,0.9324475152265201,0.03369105349746846
within,1.1159672686515607,0.022979950934803997
within,0.9062781045818474,0.028508390410782777
within,0.8754434773707289,0.02380769901563236
within,0.9525780815636982,0.027957019438896915
within,1.0652917442924703,0.029895740810353975
within,1.0922294817928846,0.027710118949424798
within,1.1496230110200294,0.018926434910844846
within,0.9389086171033495,0.02708523081378899
within,0.9723825853393846,0.0249602805873389
within,0.8910463834088879,0.03550044701613191
within,1.02246157888691,0.022538104228229106
within,1.149274011178875,0.02586283373375597
within,1.0602643030361976,0.02674599307449864
within,1.0285638521240115,0.02516176859546496
within,0.9677107278765382,0.02974973483262953
within,1.1245896280856664,0.026806225935616605
within,0.9990749788391049,0.027810961191444956
within,0.8903100739939185,0.029649972161585682
within,0.95961353895974,0.02985247272059605
within,0.8701500006543301,0.02109514950430461
within,0.9105937113066345,0.02881886158285872
within,0.8553006342999736,0.036164583696584464
within,0.985983974950049,0.023649431387758442
within,1.040362079485539,0.02851451062026073
within,0.9529877387136724,0.03797816890971355
within,0.9761145314515831,0.013658226921523431
within,1.1377627818533729,0.02445899361025725
within,1.0755889364724747,0.018696050211621257
within,1.0122569910834853,0.02739617505713444
within,0.9353622625335476,0.02615041187435438
within,1.1190990396318985,0.039891691655747887
within,0.9205291350641979,0.029103045666100932
within,0.9476028191550031,0.022121461188193293
within,1.1227194443268846,0.03148329163054202
within,1.0088626165855217,0.01944838147352859
within,1.072695384825393,0.029205948745593697
within,1.0272234382491299,0.024897014342225906
within,1.0460317627028486,0.03545943993283227
within,0.9398149874544477,0.030170707291029615
within,0.9224116184879989,0.03021720241490912
within,0.9467477041505996,0.023457255802682427
within,0.8966324692250267,0.037980913728070616
within,1.1122943095872422,0.030311334208496146
within,0.9349740799750342,0.02943474692041622
within,1.0184468183243154,0.02623645401567875
within,1.0875923275424122,0.037470438935094746
within,1.085147232812714,0.028029578473802875
within,0.9815158775752579,0.025520619686336007
within,0.9928771925760177,0.028738180204549914
within,1.1484105246805074,0.02336848823728936
within,1.0523792430937071,0.02586081436831137
within,1.0943915329353648,0.033289359160902116
within,1.1207661907657696,0.036506041984521675
within,1.0862769508688017,0.03180050882663083
within,0.9055538034860703,0.035141835362907436
within,1.0186512201212716,0.024315260133558236
within,0.8805682471943634,0.02910530717526395
within,1.0458766379691995,0.02489119633112835
within,1.1366048284563433,0.030015720455657483
within,1.0038196192900335,0.02287471202755544
within,0.9798917478603302,0.024213185438478436
within,0.860752825425449,0.028065520246040438
within,1.137932356698766,0.026725211694720384
within,0.8809008052390477,0.025222190691924707
within,0.8623237279914541,0.02666439794050519
within,0.9238199834514815,0.02965995317890908
within,0.8696591301755148,0.025593393871477722
within,0.9865353527235288,0.029236879603676304
within,1.0048263403771338,0.033751342461618435
within,0.9437709847085751,0.03630146570065861
within,0.8652881447724659,0.022720292244598116
within,0.883480110474768,0.017740779861733662
within,0.9653513133969784,0.028698850127731306
within,0.8681585352479608,0.029060280257176108
within,1.059456917682974,0.028951926175890798
within,0.9121061624574436,0.026547424731582205
within,0.9406214706350915,0.022252670172587405
within,0.9682377331534292,0.031149585149341557
within,0.9749828899207443,0.027740378260087187
within,0.8504982123024402,0.03621195620381562
within,0.8836211112996093,0.034011517728225034
within,1.1088293691222635,0.028585790122276387
within,0.8503699187535725,0.0277948494145839
within,1.0024502067438625,0.028774400304207373
within,0.9968506019521625,0.026890470231532144
within,0.9499282483031913,0.026335696752501307
within,0.979398106043935,0.019026711156626665
within,1.0841743412579752,0.02715707049335121
within,1.102361111864487,0.02977227861456377
within,0.928104563024575,0.02706127551138916
within,0.9467471322903189,0.027526147471364868
within,0.9227448559084999,0.02688175575776107
within,0.9939590201653196,0.025649559745269362
within,1.054977507297644,0.02520918629899837
within,0.9184758626390261,0.030262348929457145
within,0.94922072261646,0.037485125470302985
within,1.129115385276745,0.03684935733498777
within,0.8645707869540874,0.02475249253202547
within,0.9882308815718699,0.023407591483084834
within,1.0634674124790333,0.028804200888163618
within,0.8951362034672422,0.02298193674768476
within,0.8642122060016446,0.029282082725756716
within,0.8914616114915592,0.02675871333227702
within,1.1256469580592048,0.03119725981477831
within,0.852777934546337,0.03297208295574311
within,0.9064965924434055,0.02536507609097496
within,0.8593850538704934,0.033482097668159246
within,0.883188840268661,0.02783040315574905
within,1.036044785988489,0.03546262560598393
within,0.9224916726217257,0.035134266920237356
within,1.020763615129203,0.02786448411770219
within,1.027058614829838,0.023709350763757304
within,1.1048305999269337,0.03291436272147164
within,0.8514224178735622,0.02848873858784579
within,1.10601083780271,0.038982016431669805
within,1.0357357259280922,0.028001507255123383
within,0.8988230458314873,0.02208254008136287
within,1.081881216440585,0.030316820361662847
within,1.1066474625371756,0.033832839340253024
within,0.9262790451262471,0.03721271432438346
within,1.1256381042708044,0.03219892174656646
within,0.9863372290895973,0.040330642332169264
within,1.0310273362999964,0.026091234899756687
within,1.145394860085293,0.01889578125918391
within,0.9584608235917598,0.02737085844461206
within,1.0939478037460337,0.0283179337859116
within,0.9455197353485378,0.019715322981337054
within,1.0897640566724474,0.02292842579215775
within,1.0302201756587928,0.02043954304235848
within,0.9149067085676205,0.017929278121211166
within,0.9742078281367709,0.029940543796156044
within,0.9452906903090685,0.03092994962018635
within,0.8734325179241091,0.02255459759362315
within,0.8589504310299092,0.027943113374972267
within,0.9539435966221543,0.027418870974298827
within,0.855710244345246,0.028192959394112652
within,0.8996463272745325,0.02300510114620873
within,1.0675549962552606,0.02704575746969145
within,1.0624273707050764,0.029291401606014386
within,1.0715741159372147,0.03358436221147913
within,0.9451459513389936,0.021719730542821104
within,1.1170058371353087,0.030490150254952476
within,1.0281491644085343,0.02929165170084293
within,0.887807902523988,0.02076091968919615
within,0.8931155984366602,0.02335017068927534
within,1.0579286280789104,0.027411571195540715
within,0.9018831809326234,0.02505014624503962
within,1.002187810474613,0.033872123531173186
within,1.1475323427786133,0.02682600535258652
within,0.8512022814200019,0.024176169923861332
within,0.8549739405692671,0.023059725951926395
within,1.147925374579152,0.03661150208985155
within,1.0253916502402496,0.026952349399770863
within,0.888072992655554,0.019591267289757092
within,1.119190659926228,0.034090255693852885
within,1.1141140900383077,0.02614509857456299
within,1.0108601239334125,0.03228771400185687
within,1.036537608958227,0.03042293749910582
within,0.931956157450263,0.02470536051788266
within,0.8651559089116015,0.025499318268334518
within,1.0283702826672594,0.023620171292840553
within,0.9384265579608289,0.022146959471823307
within,1.0490863139981057,0.028047092471543272
within,1.1008735530527805,0.02794695450455507
within,0.8554481631743092,0.03884482204549596
within,1.0287141324057183,0.028535483314808475
within,0.9193841619060557,0.02889369691088901
within,1.1121665493711403,0.03137480116084883
within,0.9260993519685485,0.03095131370705184
within,1.0332310399706255,0.0248246616646652
within,1.0160622520268834,0.02930559890406886
within,0.9688499500177746,0.028152206197425148
within,1.0532862290799383,0.02656120825139752
within,1.06773089041463,0.031340553820678164
within,1.020081338595816,0.026725435827725998
within,1.077526671155426,0.026562101060122877
within,1.1450251227978814,0.02235914731135383
within,0.9757817163702416,0.02869189286493341
within,1.0043749155656592,0.03206055353634939
within,0.8537409633823639,0.0251572206765024
within,1.0888085668931136,0.027553047261076043
within,1.006069020113798,0.0370997093669288
within,0.9723884291081696,0.02597716930822853
within,0.8782215889268188,0.026921817491363548
within,1.1168969265026192,0.028877572845951324
within,0.9685021720121669,0.0363354821574586
within,1.054774479462766,0.031887872215834404
within,0.8948122469104453,0.023970578073861507
within,1.1384648888623097,0.03139671388941031
within,0.9035325285465493,0.037433025293564744
within,0.9098625978698471,0.027447362306512662
within,1.107694858167314,0.027608089949211066
within,1.1237748232425793,0.02910924327658627
within,0.9136442222569904,0.024036330670629824
within,0.9909402664524484,0.028660628598363797
within,1.070048471368849,0.029757567177447944
within,1.1135097201432405,0.028854910702643736
within,0.9637158085111915,0.033905060489361954
within,1.0051058460548288,0.029708948024052065
within,1.0725149231559206,0.02967185149672011
within,1.0693407929958387,0.03062794960002005
within,1.0848880390078255,0.028270896432303388
within,1.0209801455924579,0.028218054760691492
within,0.8813845290414326,0.025941931998303934
within,1.121191987263412,0.029862179920159666
within,1.1096717617963086,0.027964253513640677
within,1.0894292307455,0.01937670219842805
within,0.8799587431482189,0.027504015353906
within,0.9113192101244287,0.031338017792569686
within,1.0730801095322955,0.02916023131454191
within,0.8569420283745839,0.0279265483681071
within,1.1437673901121839,0.03137364648078365
within,0.9631434041067042,0.03923903760992595
within,1.0657937601072471,0.023339793696260255
within,1.116271326546413,0.026573166066211743
within,0.9683889664450247,0.02904608930639669
within,0.9457397465798998,0.025457466057816444
within,1.032622338669474,0.031252198587466744
within,1.0242968121244151,0.02864453751532602
within,0.9727419932874392,0.03224745998573844
within,1.0305324267603124,0.026158682991184366
within,1.1306144108699485,0.03636090903112581
within,0.9902920769879789,0.026049186044306536
within,0.9090226542251894,0.02731443226272743
within,0.9631617948649012,0.021962664041330224
within,0.9682320947779356,0.03165838975707472
within,0.889332607907866,0.031085954790970177
within,0.8988614501663665,0.025215048503801633
within,1.055368622018103,0.026302162504992066
within,0.9518433262626708,0.029279845693874443
within,1.1364695175567423,0.029884962007723143
within,0.9230790236075822,0.02852703072803905
within,0.8796773515314467,0.02578903621476038
within,1.0760513689000775,0.03051847436498762
within,1.114310815575361,0.03697147858592986
within,0.9334340070614464,0.028521669899475962
within,0.9106264304936433,0.032343724144970616
within,0.9057298404613261,0.030304587121976225
within,1.0066036904099538,0.0351705969983482
within,0.9905249923740314,0.03858667734888403
within,0.9278319519563603,0.029273595796574497
within,0.8635519350968279,0.022864974323960695
within,0.9944474020978842,0.029535479532609547
within,1.1377997042906824,0.021672125964953985
within,1.045755760225799,0.026817528258537907
within,0.9986519669885855,0.027549613675486282
within,0.8832076222088848,0.026175106614240166
within,0.9257308871648762,0.022454729447094042
within,0.9384321848723628,0.02945732081900776
within,1.0794410657821703,0.02311702667608961
within,1.1130132391793859,0.026597840358172056
within,1.1204925560699315,0.02908239436679746
within,1.1453705824752263,0.030025280472846874
within,1.1447100049313597,0.026052281540966487
within,1.1358997398303945,0.02165499499259664
within,0.8715466421508653,0.027944781560130704
within,0.8913380607783415,0.027872467037193798
within,0.9413399579428099,0.02950523409647697
within,1.0158694762193385,0.027508716483795465
within,0.8790933666116438,0.027448026651009462
within,1.1037390873406427,0.02431782690984036
within,1.0350268537231928,0.03687492800939685
within,1.0127093206906614,0.031436267214029805
within,0.8995933970101874,0.028327795727961083
within,0.9259766423200592,0.027503331491151903
within,0.8980936074946775,0.02141439956317146
within,1.1055799473384396,0.03864415614544495
within,1.0252683580183655,0.028120142142025295
within,1.07053882825589,0.022603052274822812
within,0.9388098588730077,0.02534556772965232
within,0.9613757911264832,0.022901939163204155
within,0.9714564893279601,0.01935471044826235
within,1.0780044915232105,0.027789890792478924
within,1.0817058963023705,0.02648978036120342
within,0.9120440582542095,0.026120161534596585
within,1.1324616570214296,0.031417787739843585
within,0.886196601233106,0.02690841322211393
within,1.1188366247270891,0.03437992590913727
within,0.8801186936949428,0.023132894967924596
within,0.9293619433453933,0.03848394327692284
within,1.1039435608203871,0.03691010746436086
within,0.9038476217038263,0.022314371536313025
within,0.9740703793929909,0.03868542668867506
within,0.9849577899832378,0.02761772920113704
within,0.9235776919069629,0.028276649092567645
within,1.063073560400796,0.025801421888600053
within,1.1054003948206612,0.02705862566864847
within,1.1123725419566715,0.02901816613818705
within,0.9517966437209683,0.02902612204293675
within,1.0092551182863443,0.029734088918834316
within,0.9245219211596954,0.02515314978810364
within,0.9234389504650437,0.025417343137966078
within,0.8983762188555773,0.02343706737962658
within,1.1320057032422544,0.02107012889935744
within,1.1163966485816739,0.028340187602998203
within,1.0832076139983076,0.028862621698991234
within,1.0052984563863188,0.025589799119502127
within,0.9971823746535615,0.02655731144713856
within,1.0089236998547495,0.02744786058856693
within,1.0109704040731269,0.03744199831299016
within,0.9803689254093071,0.033766342755545464
within,0.8895264498676203,0.03995541950853544
within,0.8876991558605608,0.02831080104115131
within,1.135674914753705,0.02956473288325326
within,0.9946092278759051,0.03135993329598405
within,1.1359616574715568,0.02837805481588351
within,0.899073063313033,0.036227805735685535
within,1.0163249656119802,0.028343073758714782
within,0.9123151760054617,0.028877513196412245
within,0.9259553818379804,0.027791744776775453
within,0.8590163736283536,0.02356928706022391
within,0.8856859932220634,0.044639883129481715
within,1.1250545222887587,0.026795977312948013
within,0.9464598974446995,0.028968924092945377
within,1.0324387635743775,0.02741075422091217
within,0.9895042395967819,0.026400629990847652
within,0.9701353735735835,0.02770631521942571
within,1.0095658274038204,0.022641241579153922
within,0.9061716833846025,0.04070294213271936
within,1.146581169555873,0.023299316794067337
within,1.0954923606111588,0.030096991996189273
within,1.0724843898194547,0.03939724711438469
within,0.9906277891041857,0.027939955033415224
within,0.8958631366379008,0.026839313235029912
within,1.1261997574820704,0.02972964540451376
within,0.9524161202145183,0.028008732128063714
within,0.8650320069090801,0.027270086634092836
within,0.9527211030431886,0.030133370283724113
within,1.0883371091487652,0.03689252729738352
within,1.0368126234964625,0.03664506659151651
within,1.075251575423458,0.039806516827030895
within,1.0880906151587133,0.02339572805700336
within,0.9135863833241628,0.029556585648735683
within,1.127134994827954,0.027926718010787624
within,0.9813968808761118,0.02659006964687308
within,1.0417040947792493,0.024801898774640476
within,0.8506926317760226,0.034327277183225986
within,1.1480105495233535,0.029472441935867212
within,0.9342689157892465,0.03296097461138664
between,1.8686189319620465,0.06540544574295684
between,1.9874786124609543,0.006299437206198653
between,1.8887090171546126,0.048072012429809005
between,1.8956980130472727,0.013385133982445134
between,2.039684843909063,0.06266863256120786
between,1.96787821747107,0.06720166476389802
between,2.1265557350464985,0.018005226968862087
between,1.945746948382421,0.025459417921912343
between,2.0678540385151702,0.003406721065853638
between,1.9883298290464724,0.006831056848105954
between,2.0479853903387837,0.008681662056002012
between,2.029908607014797,0.03295582853505482
between,1.9918351918276995,0.009137733596633172
between,2.135018328387331,0.008233685777242827
between,1.9528140928264868,0.006067398796241327
between,1.9031706503747818,0.029854206465054454
between,2.0534282182639485,0.01906931943491763
between,2.1038022683923727,0.028077395346339094
between,1.862076121981977,0.0593095351628932
between,1.9848898065268041,0.02043229896918446
between,2.1177463069061977,0.0520218503998176
between,2.0748855856768604,0.007971622380478174
between,2.1475423149492885,0.013997230671190299
between,2.009424143479173,0.08340087898711959
between,2.0479987156403454,0.039950335570122474
between,1.9407440843413784,0.06459512097841827
between,2.1342606798997976,0.07209522585489013
between,1.9599006465669608,0.0699339343500443
between,2.0715532138059887,0.03245276627169424
between,1.9709420612357245,0.06636725051717317
between,2.0185456790189,0.05717272630666811
between,2.065934760506464,0.06969005118213287
between,2.0026802455254065,0.03555423880808114
between,2.1221258980728526,0.08447101062021331
between,1.9757902963783431,0.09348231672186445
between,2.0441215394429975,0.04197610184974537
between,1.9527087299900163,0.0074325554845562644
between,1.972447000469304,0.05657272198114423
between,1.9820150324700658,0.061105754183834377
between,1.8877421054936856,0.02409307003007704
between,1.877517103717702,0.01936358475485541
between,2.0502469769440275,0.007527570579390185
between,2.0466553215029157,0.013084410925938417
between,2.0488729142630286,0.011259289311415826
between,1.8559299336028074,0.026860150893763667
between,1.947964052801534,0.009358435429752423
between,1.9093429541777591,0.0023256840053842917
between,2.0834454267632037,0.011698947736634841
between,2.108189120418839,0.023758295884990822
between,1.9240041131678443,0.025271374561849257
between,2.0503547476543957,0.03417297914963195
between,1.8888088410374824,0.03468841708666976
between,1.932545757680514,0.02118183129519235
between,1.8915963488700258,0.02295661664960429
between,1.9350562299797687,0.06606744567397177
between,2.0524209642047833,0.022612594507896655
between,2.1230980730555755,0.04726168963645572
between,1.910756722377256,0.0547618997701377
between,2.0126237104852156,0.052600501036896466
between,2.0604173303730295,0.01511619085554576
between,2.13587674054567,0.04903381720402534
between,2.033018144866152,0.039839312374101925
between,1.9265320793082141,0.05235661786898504
between,2.037643447074181,0.01821789599196645
between,1.9461473485034049,0.06713757730706547
between,2.142838517207512,0.07614903538254872
between,1.969902840549091,0.049285037218068636
between,2.0556283162283044,0.053818069420758785
between,1.8569682747040275,0.03137905034487586
between,1.9700184338404265,0.012075822578773114
between,2.1125322839967535,0.013068311991103674
between,2.0330682333299737,0.020088681831067844
between,1.983182865918793,0.018603541755506
between,2.1307812498307177,0.01957223319191559
between,2.106195312844169,0.016367464059790705
between,1.9466647021468815,0.005247044230339412
between,2.013364520612402,0.017669596230900638
between,1.9969472768277388,0.016470611121915224
between,2.0396607500344586,0.03244939802591882
between,1.9502333800876266,0.04146177802622021
between,1.9232615002297664,0.015571185211684992
between,2.123801550576661,0.08066406595405307
between,2.1271623498495518,0.037214460250238744
between,2.102996865728594,0.06185832798507742
between,2.1434613292293685,0.0693585381187594
between,2.0734974577339065,0.06719712116829533
between,2.0794001685685997,0.029712829204167464
between,2.0787770275887922,0.0636304373354242
between,1.994182289282692,0.05443595072272363
between,1.9869356583542814,0.0669532380003839
between,1.9220678828447009,0.03281577589759238
between,2.043445758307787,0.08173419743846433
between,1.9367960408307003,0.09074567373117041
between,1.9273425229107064,0.08519711363160032
between,2.0257884122288163,0.041742253202896755
between,1.972994716467513,0.06639137566262467
between,1.9156569826383896,0.07389158579630664
between,2.0948168050258493,0.07173015337098548
between,2.1081709757883127,0.0342458768817147
between,1.9003098559033342,0.06816346953811435
between,1.85225210984,0.05896899840027087
between,1.9508389905588122,0.07148627020307405
between,2.0892532507042256,0.03734770682290441
between,2.1017521598702973,0.08626722964115448
between,1.8914987210348149,0.09527872140871767
between,2.0823007703549155,0.04345486042870356
between,1.884711250192829,0.01880575800870132
between,1.9670187770469587,0.01131862455932314
between,2.1495828545035747,0.013900264100124859
between,1.9077772469692729,0.05095126177921759
between,1.896189074773288,0.01721995187449609
between,1.976840099764038,0.026228160773901252
between,2.0359005577909586,0.013718826226437619
between,2.129870234723976,0.04784963970921721
between,2.14424634365991,0.005847124273903045
between,1.8708921909774183,0.010085844744315047
between,1.8913992552043717,0.024649122459727897
between,2.0872213921687983,0.03214933259340987
between,1.931189645681258,0.02998790652899982
between,2.1154547178519083,0.0077365196480513685
between,2.049035977168726,0.02642122269612868
between,1.8835534407142032,0.0172267451973741
between,2.099758785477202,0.029744023361088386
between,1.9029069140024228,0.0063817424013584605
between,1.9770486184038962,0.04452498279916881
between,2.015655478567799,0.05353646820582089
between,2.0002298447240836,0.007500210133681976
between,2.0558488746845454,0.008583408625699332
between,2.0458060204607764,0.03214550377051627
between,2.1476126016584165,0.009752078901139655
between,2.1498265727672563,0.007977109496261429
between,2.0049378207906923,0.00509493020371459
between,1.8785597260882592,0.029043881700515903
between,2.0683529896906157,0.019875889641795024
between,2.142999223464977,0.02888734574609299
between,1.945497916288706,0.009095707125108134
between,1.988362665751272,0.03964570891459193
between,1.9774330774446367,0.011140298428486954
between,1.865425746367079,0.014922587396035773
between,2.0516793293670332,0.0033853640113018276
between,1.9560013085205403,0.03654400377817124
between,2.0862391623894507,0.012383941486126928
between,2.099636022584596,0.021394547286582164
between,2.0963692359793535,0.037484317142142294
between,1.9749997994119641,0.0036193015980746594
between,1.94646370467227,0.013572699283336145
between,2.0746462339001166,0.011827191661101277
between,2.090416830152817,0.03438269507214193
between,1.9973772339174098,0.017164413057540556
between,2.117909305860891,0.02383021255506116
between,1.8931726088235674,0.03391763330927115
between,2.113720633897688,0.024723121518556157
between,1.8788285698915643,0.03724043397423086
between,1.8960576566163843,0.0033535159198302086
between,2.010152003982188,0.052021393412311295
between,1.8702555440562245,0.06103284452700295
between,1.8658421304200332,0.01151642751712539
between,1.8501556232497116,0.01348673038688528
between,1.9808949979082788,0.030816011239270788
between,2.082387164387669,0.020000667866807455
between,1.8604515050839747,0.027205118256891488
between,2.0456772819397564,0.012517362640766153
between,2.096938195224856,0.021621487028765738
between,1.9004002545733614,0.027298284313545192
between,1.8940591204464212,0.0363101066114832
between,2.108240292086161,0.034138811904230494
between,2.096937382985028,0.014786856171649201
between,2.011682529879256,0.023797436756187926
between,2.0957599637881943,0.04891977134231093
between,1.8778268232273485,0.05793113939058226
between,1.9683444553816263,0.009012910157965218
