species,distribution,sample_idx,r_arith,r_eff,wasserstein
human,genextreme,0,0.4330514048410754,2.535224831441082,0.033607929153745275
human,genextreme,1,0.39025870204594104,2.4350856806579677,0.025337264246584577
human,genextreme,2,0.35704707945648484,1.939679890874148,0.017368620470086103
human,genextreme,3,0.3581807051929069,1.9984543891254394,0.019575371282977413
human,genextreme,4,0.4032961971239232,2.450424100663762,0.022832810515672774
human,genextreme,5,0.46566340971524256,2.9634587936212853,0.05074770106368045
human,genextreme,6,0.4406847815515041,2.725098905665276,0.032417627862545456
human,genextreme,7,0.4084605141363078,2.297974136106615,0.021125465880040085
human,genextreme,8,0.4434318904064983,2.7339754123716293,0.03819649971296438
human,genextreme,9,0.46574451229596475,3.0941920460307304,0.07032086585078902
human,genextreme,10,0.4032297756179465,2.498217035567255,0.02871797588042054
human,genextreme,11,0.42958075952705815,2.8111537885857762,0.03767054678439485
human,genextreme,12,0.39537949073905665,2.5305042316978468,0.026821033070222784
human,genextreme,13,0.5384050672291918,2.9890513178647917,0.06183444947579029
human,genextreme,14,0.4584796845682196,2.8807031145678708,0.042298622858419434
human,genextreme,15,0.46093034048762305,2.8382097807816353,0.04197586738365779
human,genextreme,16,0.37067762509395374,2.04181790363348,0.015982427429242555
human,genextreme,17,0.3788801823539121,2.312152251781614,0.019225262996672668
human,genextreme,18,0.5047824401233576,2.929563536220073,0.06482998706642731
human,genextreme,19,0.4050582684276479,2.4299644714443236,0.028031601357543644
human,genextreme,20,0.4672300704211543,2.6260399902848994,0.02428364218638846
human,genextreme,21,0.506895945292674,2.682814333074163,0.0274821521868355
human,genextreme,22,0.4441508287549215,2.6074729445796945,0.025312171045042953
human,genextreme,23,0.40513722177086303,2.4437374845870297,0.020040749200182645
human,genextreme,24,0.42922919888451455,2.4339427771289017,0.019622583242174807
human,genextreme,25,0.4244377272417951,2.353895653364607,0.019799248667961223
human,genextreme,26,0.40320733739703096,2.284060366220619,0.02034615912292506
human,genextreme,27,0.4087436239896767,2.2324035996727636,0.021159934334640754
human,genextreme,28,0.4804312652921574,2.796012093895222,0.031099222220509117
human,genextreme,29,0.4886490811949173,2.9619182963124158,0.05445992305824189
human,genextreme,30,0.40049966559736166,2.426222471798045,0.020918378447815827
human,genextreme,31,0.4272908667274827,2.4436377778599465,0.02061096191633176
human,genextreme,32,0.47867350048063384,2.789278933596489,0.034994209283944464
human,genextreme,33,0.4985155576855911,2.7796398066870758,0.03228597777834423
human,genextreme,34,0.4139528180074857,2.4578847169759093,0.022126619951016488
human,invgauss,0,0.42912057885013505,1.3409751304754078,0.022629294471374885
human,invgauss,1,0.3878564024231413,1.190911543302504,0.023607162569075038
human,invgauss,2,0.3557591551718613,0.9533645838353948,0.017272032504366576
human,invgauss,3,0.3570815078091215,0.9444611521562216,0.021277739920980508
human,invgauss,4,0.4026316129947651,1.2405002035702393,0.027814856202281312
human,invgauss,5,0.4620835727794124,1.7851479986345882,0.026881205923406135
human,invgauss,6,0.4401097623696601,1.4727771937732963,0.03330992727104182
human,invgauss,7,0.40843666314410226,1.158138097362292,0.028757527930817633
human,invgauss,8,0.4397120083355812,1.5245784411935543,0.025180449848919567
human,invgauss,9,0.4620908657670296,1.8636655813859788,0.035949109583070446
human,invgauss,10,0.4007915597925629,1.2361071418425307,0.026052476641695434
human,invgauss,11,0.42385975452960173,1.5725921815779145,0.01694575337212301
human,invgauss,12,0.39239899067363443,1.237893407037149,0.023113640996283807
human,invgauss,13,0.5324864363748374,2.0618771618367404,0.020907229938712843
human,invgauss,14,0.4559329138261197,1.6912961645648803,0.027220352491054377
human,invgauss,15,0.45621253722013816,1.6859628228146144,0.020478906573233268
human,invgauss,16,0.371353168182581,1.0020108971038368,0.025626884040730612
human,invgauss,17,0.3800346303338113,1.102481871784946,0.031441523129326285
human,invgauss,18,0.49467928690222285,1.9168722186042815,0.025251355632674513
human,invgauss,19,0.39981032785955134,1.2455956282427725,0.013133976625452935
human,invgauss,20,0.46834391680138543,1.5027150820290431,0.03328800897969148
human,invgauss,21,0.5060217963767004,1.7164262584513994,0.023236805564951807
human,invgauss,22,0.44324692539981825,1.4652763157525504,0.02627603338545613
human,invgauss,23,0.40585393753959786,1.2529437459658233,0.030425346967077747
human,invgauss,24,0.4287182522945085,1.3349543584824786,0.024572718146483836
human,invgauss,25,0.42365142933555955,1.2338694803095258,0.024717061806682563
human,invgauss,26,0.4027236328267462,1.1497216892704845,0.025718583133116316
human,invgauss,27,0.4072436377602027,1.1591676882430655,0.021166292573815824
human,invgauss,28,0.4808168067688324,1.706117551976655,0.029909844408140387
human,invgauss,29,0.48393465131663854,1.8459107817897817,0.0233792635397704
human,invgauss,30,0.3995523376250792,1.2256161789074917,0.02546306883204858
human,invgauss,31,0.4271400038523813,1.2862941715823044,0.028062359077717577
human,invgauss,32,0.47673857030658456,1.6828811168803908,0.024246940554131905
human,invgauss,33,0.49570014753767216,1.7879814912770575,0.015332975220730632
human,invgauss,34,0.41315951202740026,1.2670918139929115,0.026068125291257595
human,fatiguelife,0,0.4297102629741244,1.224007905433005,0.026885944369766292
human,fatiguelife,1,0.38846198529312714,1.0907910424931406,0.027684732760051713
human,fatiguelife,2,0.35603189307557176,0.8949026640372725,0.019831248122466574
human,fatiguelife,3,0.3574125811834413,0.8884729332895602,0.023851886596268024
human,fatiguelife,4,0.4033495753492304,1.1356923136560588,0.032472578004087135
human,fatiguelife,5,0.4634281124691954,1.5657035671156168,0.03480047164584466
human,fatiguelife,6,0.441221296062344,1.327427072086917,0.03976597980992094
human,fatiguelife,7,0.4090373719228812,1.076774723746996,0.032759272971528725
human,fatiguelife,8,0.44058365579957526,1.363636275383138,0.031142858425778394
human,fatiguelife,9,0.4638604474744065,1.6220052662305067,0.04216168911906397
human,fatiguelife,10,0.4014687447174458,1.1312585854973098,0.030417887506050418
human,fatiguelife,11,0.4247262789086451,1.3855416187892824,0.02340250785323951
human,fatiguelife,12,0.3930879575316154,1.127764342771729,0.02766855427368669
human,fatiguelife,13,0.5334445698475961,1.823286699863336,0.023174496476577152
human,fatiguelife,14,0.45716565410990356,1.4942964676599788,0.03480719712638383
human,fatiguelife,15,0.45715017286020776,1.490017766028376,0.02745652581389851
human,fatiguelife,16,0.37180026901822893,0.9397378095814174,0.028718614907089088
human,fatiguelife,17,0.3807352743042311,1.0211166829444216,0.0352737722399517
human,fatiguelife,18,0.49521402950811144,1.6844437954101392,0.021297461988243258
human,fatiguelife,19,0.40019961145363203,1.1370048575965754,0.01604895804127015
human,fatiguelife,20,0.46934995979375443,1.3666041191281042,0.03954105958854071
human,fatiguelife,21,0.5068344164943149,1.547119709374591,0.030461193399989327
human,fatiguelife,22,0.44408945758973445,1.3235380931161864,0.03233125488062933
human,fatiguelife,23,0.4066464379426909,1.1468185497633072,0.035178740867652596
human,fatiguelife,24,0.42937445831393956,1.219695176862215,0.02976895315187273
human,fatiguelife,25,0.424246959920378,1.1415422797554577,0.029082238481070746
human,fatiguelife,26,0.4032795377243808,1.0675636158360113,0.02955604995781278
human,fatiguelife,27,0.4076862906754497,1.076713078138524,0.024971802345656564
human,fatiguelife,28,0.48202499437437,1.523342070380167,0.037789992543733754
human,fatiguelife,29,0.48512663868763184,1.6262504035749703,0.03086910797527301
human,fatiguelife,30,0.4002206445379298,1.1228852574564816,0.02997833301980523
human,fatiguelife,31,0.42786039388398106,1.1828200643291356,0.0329409725304093
human,fatiguelife,32,0.4777687279892686,1.503151928231666,0.03152701479560984
human,fatiguelife,33,0.4965354080548981,1.5925031537685153,0.023790711673263534
human,fatiguelife,34,0.4138741883597338,1.1610216439964698,0.03081231844171741
human,lognorm,0,0.42506565679007413,1.5406212531009797,0.026935904936600082
human,lognorm,1,0.3831013157981808,1.3737900473875146,0.025897296351379207
human,lognorm,2,0.35315999228598915,1.0784700072244904,0.01836926917560236
human,lognorm,3,0.35385277478032306,1.0611876539413025,0.022360444185225807
human,lognorm,4,0.3965742052993897,1.4140383619063923,0.02924577429321367
human,lognorm,5,0.4546338635020451,2.004684141630566,0.03384395305694962
human,lognorm,6,0.4318720636557384,1.6645494288902567,0.03623472247349015
human,lognorm,7,0.4028358583238807,1.2997497395751698,0.02965955811855725
human,lognorm,8,0.434167853994288,1.7454240091288713,0.02984391836502016
human,lognorm,9,0.45327696604451956,2.0850583159376375,0.04449948470121037
human,lognorm,10,0.39555302597525827,1.4203380461857409,0.02873765496914441
human,lognorm,11,0.41890657480972626,1.8174459038660349,0.02266232531008658
human,lognorm,12,0.3871575160862298,1.4306115152199994,0.025913249798572388
human,lognorm,13,0.5290071462450998,2.2548367666955222,0.030030970961002514
human,lognorm,14,0.4482789434711353,1.9053556953986612,0.0325033339871263
human,lognorm,15,0.45093797010924863,1.914345318695247,0.02698204507299994
human,lognorm,16,0.3665940168831274,1.1160650158791388,0.026107955296500746
human,lognorm,17,0.37325710752023555,1.237892714976172,0.03210421056673459
human,lognorm,18,0.4939176796688334,2.152967886939668,0.031018464868487562
human,lognorm,19,0.39742459175709227,1.4545072554307528,0.01762035234319854
human,lognorm,20,0.4600776142863067,1.6721856070778638,0.035009551712764334
human,lognorm,21,0.5002410757416096,1.9011444841461154,0.026255992819606916
human,lognorm,22,0.43668704847289835,1.6582401366983819,0.02868245421685106
human,lognorm,23,0.3987960037361941,1.4171194542990984,0.03142357191484348
human,lognorm,24,0.4231113125436186,1.5131809945350991,0.025965858202578036
human,lognorm,25,0.41834200229643576,1.3901999574892063,0.02618490935316843
human,lognorm,26,0.39754283632171145,1.2957178082934568,0.026996808541092307
human,lognorm,27,0.4033986232807497,1.3141866704942027,0.022906224712130482
human,lognorm,28,0.4722234245871565,1.891885480489386,0.03348483589824685
human,lognorm,29,0.4777255585541308,2.0595447346535063,0.030798111466660144
human,lognorm,30,0.3938109233442368,1.3984573369137632,0.027026099283471345
human,lognorm,31,0.4207148914542822,1.4481786918996045,0.029191527289389136
human,lognorm,32,0.46978499788248074,1.8817707397911108,0.02887349409033597
human,lognorm,33,0.4903928666599592,1.986971137080957,0.019930695701393764
human,lognorm,34,0.4070449683373197,1.4379578097192036,0.027952192744534535
human,fisk,0,0.42089583227250593,2.4323889207119818,0.03896036927209089
human,fisk,1,0.3774376932371953,2.3130014088389057,0.03202641338704097
human,fisk,2,0.35035172795290787,2.0593241661093695,0.023420786664863767
human,fisk,3,0.3488672112449576,2.0233845505361385,0.02647844000038058
human,fisk,4,0.38878175501000467,2.3090853577195642,0.032133209858886465
human,fisk,5,0.44727518078267653,2.7341447019752656,0.04946521184514193
human,fisk,6,0.42135350220286344,2.481007375621655,0.0409841330810091
human,fisk,7,0.3942945274918758,2.187190454173479,0.031135854091779595
human,fisk,8,0.42846420893174914,2.5698469318840664,0.042240113486897025
human,fisk,9,0.44239233150503304,2.7881207615705703,0.0627005975414826
human,fisk,10,0.38874876318094753,2.3381097712934147,0.035477505581974635
human,fisk,11,0.4168791718138417,2.652819983114241,0.037683683052400586
human,fisk,12,0.38163846143991276,2.3656471983938543,0.032471573685359
human,fisk,13,0.5281466758422378,2.8730162786026,0.058602366762886444
human,fisk,14,0.4408071794061841,2.665525548109353,0.04402901042799614
human,fisk,15,0.447209730972022,2.685242371063907,0.04348938422027239
human,fisk,16,0.3594009437767643,2.028114914729414,0.024721084482684976
human,fisk,17,0.3633613483648285,2.1403819906156105,0.03049086493392671
human,fisk,18,0.4990902067465291,2.8554931433274016,0.0621483521387058
human,fisk,19,0.3983663200305239,2.420198695976764,0.03195373293588855
human,fisk,20,0.449778648410297,2.4506179863300073,0.03563479456152847
human,fisk,21,0.49466682950035423,2.6114832180107204,0.03540438991953836
human,fisk,22,0.42990154981286965,2.4798153202097977,0.03297175810251979
human,fisk,23,0.38984781485301934,2.293285076436647,0.03074396515482345
human,fisk,24,0.4171978493597498,2.371645142028738,0.028268428921169493
human,fisk,25,0.41196545595560147,2.2744898259036046,0.02868593898619329
human,fisk,26,0.3904711546446985,2.2022222610732247,0.029179547748330748
human,fisk,27,0.3989023263341715,2.233374423823837,0.028563253819806466
human,fisk,28,0.46325580591870935,2.6175548824914032,0.03796028962516601
human,fisk,29,0.4726855516840923,2.7667496993766694,0.05099520464859509
human,fisk,30,0.38719655308468215,2.306418757216383,0.029284638274265987
human,fisk,31,0.41298471439055584,2.3154097876739788,0.030445290636088796
human,fisk,32,0.4638517595760623,2.6333236590487745,0.03814199021987596
human,fisk,33,0.48878983276624655,2.702096429184109,0.03479957798375105
human,fisk,34,0.4002357272506205,2.3298092273691102,0.029881056160016017
human,gamma,0,0.4290431919557985,0.9895534886886219,0.04729262170162137
human,gamma,1,0.3877706526459051,0.8901676482029123,0.045988590433590465
human,gamma,2,0.3556522506286796,0.7458826867058678,0.033944316098460235
human,gamma,3,0.3569667649025149,0.7460685025598347,0.03781566242380261
human,gamma,4,0.402543226474392,0.9300727797571372,0.05164726614554795
human,gamma,5,0.4620244818459017,1.2237877713724425,0.06147374728332065
human,gamma,6,0.4400564561609574,1.0746835081405492,0.06207903327420804
human,gamma,7,0.4083473148077425,0.8972784690753433,0.050617162719016146
human,gamma,8,0.43962280006804727,1.083444510082963,0.05446602829914151
human,gamma,9,0.4620522572199,1.2659171150578419,0.06833262673547108
human,gamma,10,0.40071005532755843,0.923952653421341,0.0493624344141269
human,gamma,11,0.4237941140177202,1.0835690531838496,0.04743656892575511
human,gamma,12,0.392301535619328,0.9166485153809352,0.04657989213521008
human,gamma,13,0.5325101222540467,1.4024988878057674,0.05513725288998718
human,gamma,14,0.4557839458244967,1.178014961346507,0.060325617101336625
human,gamma,15,0.45610853907557697,1.1651945158487285,0.05341458726601278
human,gamma,16,0.3712599689267261,0.7905446207912229,0.04391341189428957
human,gamma,17,0.37991813756619136,0.8526694472031116,0.0520061551707478
human,gamma,18,0.4946103150667435,1.2841551464298786,0.042217752406734844
human,gamma,19,0.3996985649643756,0.9133909736273836,0.03491755243475035
human,gamma,20,0.4682599741015203,1.1126964162499993,0.06252124745361
human,gamma,21,0.505950336294278,1.2282530657765776,0.05750635987179886
human,gamma,22,0.44312982516426236,1.0647987713089753,0.05507238975948052
human,gamma,23,0.405725710169386,0.942043968372899,0.054349280108833053
human,gamma,24,0.42858715418573384,0.9910966191651687,0.05057258904191433
human,gamma,25,0.423542306183975,0.9420944367476721,0.048238611850224204
human,gamma,26,0.40262921135909935,0.8862711353851853,0.04728331128130406
human,gamma,27,0.4071404187730909,0.888070948083184,0.04295495171170783
human,gamma,28,0.4807105893284587,1.212374806770224,0.06410339470451734
human,gamma,29,0.4838604608423057,1.267266711546196,0.05841464479974363
human,gamma,30,0.39942222215974166,0.9189246440150306,0.04897213293892732
human,gamma,31,0.42706190705532476,0.9732096845146411,0.0528724074770608
human,gamma,32,0.47669631930995365,1.1919767578091929,0.057736948985677064
human,gamma,33,0.49563472551775806,1.2466786629747244,0.05245747910181754
human,gamma,34,0.4129937387220444,0.9504727418147311,0.05044567009413065
rat,genextreme,0,0.23425653275489028,0.36697246339155176,0.0019110028894910043
rat,genextreme,1,0.29924327121169325,0.7126247598958815,0.004082206474948277
rat,genextreme,2,0.2403194395424567,0.39440794506764254,0.0019282369320507869
rat,genextreme,3,0.28164594655423486,0.6645983847510456,0.006953589971852291
rat,genextreme,4,0.24766824610267107,0.385978797472192,0.0006178112488504187
rat,genextreme,5,0.2968203240368215,0.6737868825921274,0.005371710327975731
rat,genextreme,6,0.3012379782251011,0.6182396238027901,0.0037860207363695554
rat,genextreme,7,0.21624226217013748,0.3361330609901309,0.001226571114650468
rat,genextreme,8,0.25980911128989853,0.4681548176597651,0.0018988862251884734
rat,genextreme,9,0.23528876409506363,0.38187720504607303,0.0017696857850389297
rat,genextreme,10,0.22754884828471142,0.34394569559043237,0.0013727791960954402
rat,genextreme,11,0.22966401514233803,0.4073088802612913,0.0007574900969569238
rat,genextreme,12,0.26728694645195183,0.47746885278292267,0.001657875819362899
rat,genextreme,13,0.23318396074422226,0.42722796146828973,0.0016905434411360178
rat,genextreme,14,0.2423902639490558,0.39251414399816315,0.001943825581103386
rat,genextreme,15,0.23007774432110684,0.33919177373739506,0.0016819274076999627
rat,genextreme,16,0.2640717687939546,0.4799318543222126,0.0012211862740586275
rat,genextreme,17,0.2152985015522403,0.30970006154361185,0.0011020967325127196
rat,genextreme,18,0.20629988048573755,0.3002775500695737,0.0014178857960833046
rat,invgauss,0,0.2342582741543117,0.4221986889281404,0.008604149794560067
rat,invgauss,1,0.29958811832318516,0.6225242628214265,0.007083861609511482
rat,invgauss,2,0.24034411458104543,0.4519152443709379,0.008660068405687263
rat,invgauss,3,0.2822482583991074,0.5677274715869128,0.011975625836025242
rat,invgauss,4,0.24760454332257856,0.43862378882225855,0.008223430369272214
rat,invgauss,5,0.2968780904610173,0.6237632016792822,0.0025233795671690084
rat,invgauss,6,0.301370631149217,0.5568322890118192,0.007882823809592633
rat,invgauss,7,0.2162216514877167,0.3758758168684468,0.006183887419726583
rat,invgauss,8,0.2596876567657091,0.46371142177507013,0.00455800593483216
rat,invgauss,9,0.2350608967403004,0.41088977826551853,0.006092931845332205
rat,invgauss,10,0.22754067170357808,0.3921554554305176,0.00786585770068826
rat,invgauss,11,0.22969336795721898,0.4428648147230074,0.005736699743791513
rat,invgauss,12,0.26718932988073896,0.48966805537255753,0.005187905445469808
rat,invgauss,13,0.23328476451004432,0.4575696812905006,0.004803227203799741
rat,invgauss,14,0.2424660984916918,0.4409811095974796,0.007294462386880171
rat,invgauss,15,0.229944913356607,0.3894225447763038,0.009248227850060752
rat,invgauss,16,0.2640846548763847,0.492793052514061,0.004549469225325832
rat,invgauss,17,0.21513514013103602,0.34974698434222296,0.007800071063404893
rat,invgauss,18,0.20613243058472253,0.33809254190853716,0.007327840282013874
rat,fatiguelife,0,0.2341771666609608,0.4155586433406739,0.00807271928863648
rat,fatiguelife,1,0.29962083966431513,0.6060695929936311,0.008169778507471945
rat,fatiguelife,2,0.24025190728544082,0.44333211150007357,0.008037162778427188
rat,fatiguelife,3,0.2823087497822513,0.5540034353499753,0.012710091818710226
rat,fatiguelife,4,0.247526483106529,0.4322345756611478,0.007734837295731964
rat,fatiguelife,5,0.2968525240768145,0.6065837527874463,0.002223501896077436
rat,fatiguelife,6,0.301389526401196,0.5471379957110463,0.008346025562655828
rat,fatiguelife,7,0.21616702475628893,0.37095264077897216,0.005768701943008089
rat,fatiguelife,8,0.2596619950498644,0.45670689751546745,0.004569263360893194
rat,fatiguelife,9,0.23501124125796305,0.4053172316275738,0.005739215452750729
rat,fatiguelife,10,0.22747665174656462,0.38721449367523286,0.007426327144677472
rat,fatiguelife,11,0.22962285076353534,0.433569987003814,0.005128355532552558
rat,fatiguelife,12,0.2671454736536015,0.4813349491020887,0.004877380541980597
rat,fatiguelife,13,0.23321575085680343,0.44726317395458154,0.004123209699890176
rat,fatiguelife,14,0.24239437517294396,0.4337419995090353,0.006741628488416758
rat,fatiguelife,15,0.2298748628931696,0.38493556958237973,0.008847543956118769
rat,fatiguelife,16,0.26403825076056675,0.48371459944241013,0.003968386835632622
rat,fatiguelife,17,0.21508358224908095,0.3465486588413166,0.0074939753801529525
rat,fatiguelife,18,0.20608233576985951,0.3348546625185497,0.007000157394315154
rat,lognorm,0,0.23544330781379572,0.4383204180519632,0.007752306180172845
rat,lognorm,1,0.2990506890049202,0.642814339322619,0.00667586469286518
rat,lognorm,2,0.2416024049854111,0.4720859178176468,0.007743327816790631
rat,lognorm,3,0.28095653772168916,0.5824928357742034,0.010244393080775203
rat,lognorm,4,0.2487582727656753,0.4532741800796606,0.007253683845322975
rat,lognorm,5,0.29725089535124255,0.6491752424437119,0.0032361300209025044
rat,lognorm,6,0.30081927699822175,0.5698673642920395,0.00656324736300113
rat,lognorm,7,0.21707138005056104,0.38818627207773587,0.005564697528941681
rat,lognorm,8,0.259931114452824,0.4772631622452358,0.0032720595949925282
rat,lognorm,9,0.23577881568821352,0.42361375021356656,0.005247782119752493
rat,lognorm,10,0.22855617730015843,0.4046669621399497,0.007153782485030177
rat,lognorm,11,0.2305953685421973,0.46418820250263243,0.00501456131789321
rat,lognorm,12,0.2677318279718245,0.5063081149502952,0.004018744520954575
rat,lognorm,13,0.2341598877604836,0.4805098244340734,0.004040658404926275
rat,lognorm,14,0.24350701355559795,0.45832016071569687,0.006479433032349338
rat,lognorm,15,0.2310851709166414,0.4007173820630265,0.008434354079578373
rat,lognorm,16,0.2646854301506218,0.5114307877125222,0.0035909324137161024
rat,lognorm,17,0.21604798698795596,0.35771178589434904,0.007130873348206522
rat,lognorm,18,0.20699692211121004,0.346174653555896,0.006738827870161359
rat,fisk,0,0.24075692262420004,0.6349434960402993,0.010609150597678436
rat,fisk,1,0.2980263753449767,0.7903273983907164,0.007753598541531466
rat,fisk,2,0.2470783654887689,0.6733144509935333,0.010916162447873676
rat,fisk,3,0.27983927446049145,0.7327895816240092,0.003268948649695589
rat,fisk,4,0.2536591341506026,0.6358343927097883,0.009338286296759103
rat,fisk,5,0.2993729165586498,0.8123107713472416,0.011776993656418794
rat,fisk,6,0.3004110499584891,0.7156994071108418,0.00317975191002813
rat,fisk,7,0.22125886300699926,0.5812148360821687,0.008240890314980058
rat,fisk,8,0.26200516328064466,0.6495400381532275,0.00447257407973119
rat,fisk,9,0.2397183332552169,0.6080137438391916,0.007665296581730455
rat,fisk,10,0.23357467318808955,0.5935263837870243,0.009863994993234827
rat,fisk,11,0.23477817266930298,0.671587727908089,0.008416879232630264
rat,fisk,12,0.27103602781792874,0.6831481981498151,0.007162561077489938
rat,fisk,13,0.23793699298268678,0.6872834961575428,0.007905671780827043
rat,fisk,14,0.24847710916750249,0.6551569967486159,0.009957358817656177
rat,fisk,15,0.23656066990154342,0.5811330420361857,0.010585086413498196
rat,fisk,16,0.2681780072895721,0.6957472881318825,0.008097560656582124
rat,fisk,17,0.22055280059383311,0.5237855621570235,0.008632922540376831
rat,fisk,18,0.21125397859147726,0.5162280917021413,0.008502275640586544
rat,gamma,0,0.2342370275815617,0.3679258487459147,0.0013291644880674201
rat,gamma,1,0.2995668693324815,0.5303825960976762,0.01687215449160581
rat,gamma,2,0.24030572235705266,0.38844532745386406,0.0009576130670464605
rat,gamma,3,0.282201667880027,0.4918698399313031,0.018585034180937304
rat,gamma,4,0.24758948556363,0.3844302819231814,0.0012018692466642562
rat,gamma,5,0.29684147828882324,0.525068394514188,0.010703593448404594
rat,gamma,6,0.3013382882228478,0.49238493982658027,0.014727111017606624
rat,gamma,7,0.21620681348615517,0.33296814347871645,0.0008452330806418093
rat,gamma,8,0.25965750165658297,0.41108903348545706,0.007483482629625123
rat,gamma,9,0.23504214133584928,0.3642077137478336,0.0026014180557937727
rat,gamma,10,0.22752072155513145,0.34736666888554435,0.0013190103376191694
rat,gamma,11,0.22965314823594646,0.3797475317100371,0.0029662036823471915
rat,gamma,12,0.2671492550593783,0.4288559292842934,0.005601155134047599
rat,gamma,13,0.23324829632217708,0.3903612279753777,0.004164338900912268
rat,gamma,14,0.2424323510153148,0.3844588880124262,0.0008357009016811516
rat,gamma,15,0.2299331851681885,0.34579407776679194,0.002566364495165949
rat,gamma,16,0.2640373114221315,0.4288964217061079,0.005153355496445407
rat,gamma,17,0.21514413647545033,0.31519159407137526,0.001983651860487465
rat,gamma,18,0.20613973817025072,0.3040943899875621,0.0019343300194079663
