species,bin_center,count
human,0.025,1952.0
human,0.07500000000000001,1002511.0
human,0.125,1919740.0
human,0.17500000000000002,4737973.0
human,0.225,7810902.0
human,0.275,6491053.0
human,0.32500000000000007,4339371.0
human,0.375,3046195.0
human,0.42500000000000004,2505799.0
human,0.475,2145385.0
human,0.525,1803610.0
human,0.5750000000000001,1488610.0
human,0.625,1232845.0
human,0.675,1058138.0
human,0.7250000000000001,861177.0
human,0.775,755492.0
human,0.8250000000000001,654520.0
human,0.875,568570.0
human,0.925,500575.0
human,0.9750000000000001,416012.0
human,1.025,366894.0
human,1.0750000000000002,317595.0
human,1.125,279601.0
human,1.1750000000000003,233197.0
human,1.225,206583.0
human,1.275,179034.0
human,1.3250000000000002,154605.0
human,1.375,136490.0
human,1.4250000000000003,113089.0
human,1.475,100179.0
human,1.525,86599.0
human,1.5750000000000002,74855.0
human,1.625,66632.0
human,1.6750000000000003,55969.0
human,1.725,49395.0
human,1.775,42996.0
human,1.8250000000000002,38393.0
human,1.875,34063.0
human,1.9250000000000003,29039.0
human,1.975,26061.0
human,2.0250000000000004,23037.0
human,2.075,20713.0
human,2.125,18216.0
human,2.175,16313.0
human,2.225,14731.0
human,2.2750000000000004,13311.0
human,2.325,11530.0
human,2.375,10154.0
human,2.4250000000000003,9151.0
human,2.475,8220.0
human,2.5250000000000004,7616.0
human,2.575,6585.0
human,2.625,6028.0
human,2.6750000000000003,5413.0
human,2.725,4816.0
human,2.7750000000000004,4390.0
human,2.825,3855.0
human,2.875,3542.0
human,2.9250000000000003,3147.0
human,2.975,2906.0
human,3.0250000000000004,2629.0
human,3.075,2224.0
human,3.125,2123.0
human,3.1750000000000003,1865.0
human,3.225,1750.0
human,3.2750000000000004,1618.0
human,3.325,1432.0
human,3.375,1250.0
human,3.4250000000000003,1198.0
human,3.475,1012.0
human,3.5250000000000004,959.0
human,3.575,848.0
human,3.625,782.0
human,3.6750000000000003,724.0
human,3.725,638.0
human,3.7750000000000004,610.0
human,3.825,536.0
human,3.875,524.0
human,3.9250000000000003,442.0
human,3.975,423.0
human,4.025,375.0
human,4.075,349.0
human,4.125,328.0
human,4.175000000000001,302.0
human,4.225,253.0
human,4.275,302.0
human,4.325,251.0
human,4.375,202.0
human,4.425000000000001,206.0
human,4.475,184.0
human,4.525,152.0
human,4.575,136.0
human,4.625,148.0
human,4.675000000000001,125.0
human,4.725,116.0
human,4.775,98.0
human,4.825000000000001,115.0
human,4.875,87.0
human,4.925000000000001,97.0
human,4.975,89.0
human,5.025,76.0
human,5.075000000000001,75.0
human,5.125,62.0
human,5.175000000000001,51.0
human,5.225,48.0
human,5.275,52.0
human,5.325000000000001,41.0
human,5.375,38.0
human,5.425000000000001,27.0
human,5.475,32.0
human,5.525,32.0
human,5.575000000000001,30.0
human,5.625,19.0
human,5.675000000000001,22.0
human,5.725,24.0
human,5.775,24.0
human,5.825000000000001,21.0
human,5.875,20.0
human,5.925000000000001,17.0
human,5.975,14.0
human,6.025,15.0
human,6.075000000000001,17.0
human,6.125,7.0
human,6.175000000000001,16.0
human,6.225,14.0
human,6.275,16.0
human,6.325000000000001,12.0
human,6.375,6.0
human,6.425000000000001,14.0
human,6.475,11.0
human,6.525,10.0
human,6.575000000000001,4.0
human,6.625,9.0
human,6.675000000000001,3.0
human,6.725,8.0
human,6.775,7.0
human,6.825000000000001,7.0
human,6.875,5.0
human,6.925000000000001,7.0
human,6.975,6.0
human,7.025,7.0
human,7.075000000000001,3.0
human,7.125,7.0
human,7.175000000000001,3.0
human,7.225,3.0
human,7.275,4.0
human,7.325000000000001,1.0
human,7.375,6.0
human,7.425000000000001,3.0
human,7.475,0.0
human,7.525,2.0
human,7.575000000000001,1.0
human,7.625,2.0
human,7.675000000000001,2.0
human,7.725,1.0
human,7.775,3.0
human,7.825000000000001,2.0
human,7.875,2.0
human,7.925000000000001,1.0
human,7.975,1.0
human,8.025,2.0
human,8.075,1.0
human,8.125,0.0
human,8.175,0.0
human,8.225000000000001,0.0
human,8.275,2.0
human,8.325,0.0
human,8.375,0.0
human,8.425,0.0
human,8.475000000000001,1.0
human,8.525,0.0
human,8.575,0.0
human,8.625,1.0
human,8.675,2.0
human,8.725000000000001,1.0
human,8.775,0.0
human,8.825,0.0
human,8.875,1.0
human,8.925,0.0
human,8.975000000000001,1.0
human,9.025,0.0
human,9.075,0.0
human,9.125,0.0
human,9.175,0.0
human,9.225000000000001,0.0
human,9.275,0.0
human,9.325,0.0
human,9.375,1.0
human,9.425,0.0
human,9.475000000000001,0.0
human,9.525,1.0
human,9.575000000000001,0.0
human,9.625,0.0
human,9.675,0.0
human,9.725000000000001,0.0
human,9.775,0.0
human,9.825000000000001,0.0
human,9.875,0.0
human,9.925,0.0
human,9.975000000000001,0.0
human,10.025,0.0
human,10.075000000000001,0.0
human,10.125,0.0
human,10.175,0.0
human,10.225000000000001,0.0
human,10.275,0.0
human,10.325000000000001,0.0
human,10.375,0.0
human,10.425,0.0
human,10.475000000000001,0.0
human,10.525,0.0
human,10.575000000000001,0.0
human,10.625,0.0
human,10.675,0.0
human,10.725000000000001,0.0
human,10.775,0.0
human,10.825000000000001,1.0
human,10.875,0.0
human,10.925,0.0
human,10.975000000000001,0.0
human,11.025,0.0
human,11.075000000000001,0.0
human,11.125,0.0
human,11.175,0.0
human,11.225000000000001,0.0
human,11.275,0.0
human,11.325000000000001,0.0
human,11.375,0.0
human,11.425,0.0
human,11.475000000000001,0.0
human,11.525,0.0
human,11.575000000000001,0.0
human,11.625,0.0
human,11.675,0.0
human,11.725000000000001,0.0
human,11.775,0.0
human,11.825000000000001,0.0
human,11.875,0.0
human,11.925,0.0
human,11.975000000000001,0.0
human,12.025,0.0
human,12.075000000000001,0.0
human,12.125,0.0
human,12.175,0.0
human,12.225000000000001,0.0
human,12.275,0.0
human,12.325000000000001,0.0
human,12.375,0.0
human,12.425,0.0
human,12.475000000000001,0.0
human,12.525,0.0
human,12.575000000000001,0.0
human,12.625,0.0
human,12.675,0.0
human,12.725000000000001,0.0
human,12.775,0.0
human,12.825000000000001,0.0
human,12.875,0.0
human,12.925,0.0
human,12.975000000000001,0.0
human,13.025,0.0
human,13.075000000000001,0.0
human,13.125,0.0
human,13.175,0.0
human,13.225000000000001,0.0
human,13.275,0.0
human,13.325000000000001,0.0
human,13.375,0.0
human,13.425,0.0
human,13.475000000000001,0.0
human,13.525,0.0
human,13.575000000000001,0.0
human,13.625,0.0
human,13.675,0.0
human,13.725000000000001,0.0
human,13.775,0.0
human,13.825000000000001,0.0
human,13.875,0.0
human,13.925,0.0
human,13.975000000000001,0.0
human,14.025,0.0
human,14.075000000000001,0.0
human,14.125,0.0
human,14.175,0.0
human,14.225000000000001,0.0
human,14.275,0.0
human,14.325000000000001,0.0
human,14.375,0.0
human,14.425,0.0
human,14.475000000000001,0.0
human,14.525,0.0
human,14.575000000000001,0.0
human,14.625,0.0
human,14.675,0.0
human,14.725000000000001,0.0
human,14.775,0.0
human,14.825000000000001,0.0
human,14.875,0.0
human,14.925,0.0
human,14.975000000000001,0.0
human,15.025,0.0
human,15.075000000000001,0.0
human,15.125,0.0
human,15.175,0.0
human,15.225000000000001,0.0
human,15.275,0.0
human,15.325000000000001,0.0
human,15.375,0.0
human,15.425,0.0
human,15.475000000000001,0.0
human,15.525,0.0
human,15.575000000000001,0.0
human,15.625,0.0
human,15.675,0.0
human,15.725000000000001,0.0
human,15.775,0.0
human,15.825000000000001,0.0
human,15.875,0.0
human,15.925,0.0
human,15.975000000000001,0.0
human,16.025,0.0
human,16.075000000000003,0.0
human,16.125,0.0
human,16.175,0.0
human,16.225,0.0
human,16.275,0.0
human,16.325000000000003,0.0
human,16.375,0.0
human,16.425,0.0
human,16.475,0.0
human,16.525,0.0
human,16.575000000000003,0.0
human,16.625,0.0
human,16.675,0.0
human,16.725,0.0
human,16.775,0.0
human,16.825000000000003,0.0
human,16.875,0.0
human,16.925,0.0
human,16.975,0.0
human,17.025,0.0
human,17.075000000000003,0.0
human,17.125,0.0
human,17.175,0.0
human,17.225,0.0
human,17.275,0.0
human,17.325000000000003,0.0
human,17.375,0.0
human,17.425,0.0
human,17.475,0.0
human,17.525,0.0
human,17.575000000000003,0.0
human,17.625,0.0
human,17.675,0.0
human,17.725,0.0
human,17.775,0.0
human,17.825000000000003,0.0
human,17.875,0.0
human,17.925,0.0
human,17.975,0.0
human,18.025,0.0
human,18.075000000000003,0.0
human,18.125,0.0
human,18.175,0.0
human,18.225,0.0
human,18.275,0.0
human,18.325000000000003,0.0
human,18.375,0.0
human,18.425,0.0
human,18.475,0.0
human,18.525,0.0
human,18.575000000000003,0.0
human,18.625,0.0
human,18.675,0.0
human,18.725,0.0
human,18.775,0.0
human,18.825000000000003,0.0
human,18.875,0.0
human,18.925,0.0
human,18.975,0.0
human,19.025,0.0
human,19.075000000000003,0.0
human,19.125,0.0
human,19.175000000000004,0.0
human,19.225,0.0
human,19.275,0.0
human,19.325000000000003,0.0
human,19.375,0.0
human,19.425000000000004,0.0
human,19.475,0.0
human,19.525,0.0
human,19.575000000000003,0.0
human,19.625,0.0
human,19.675000000000004,0.0
human,19.725,0.0
human,19.775,0.0
human,19.825000000000003,0.0
human,19.875,0.0
human,19.925000000000004,0.0
human,19.975,0.0
rat,0.025,730100.0
rat,0.07500000000000001,5850973.0
rat,0.125,23693124.0
rat,0.17500000000000002,36140303.0
rat,0.225,35392523.0
rat,0.275,27618925.0
rat,0.32500000000000007,18085129.0
rat,0.375,10530334.0
rat,0.42500000000000004,5754570.0
rat,0.475,3069685.0
rat,0.525,1667395.0
rat,0.5750000000000001,936684.0
rat,0.625,553249.0
rat,0.675,345335.0
rat,0.7250000000000001,221158.0
rat,0.775,150481.0
rat,0.8250000000000001,99480.0
rat,0.875,65796.0
rat,0.925,45697.0
rat,0.9750000000000001,34549.0
rat,1.025,24851.0
rat,1.0750000000000002,16379.0
rat,1.125,11017.0
rat,1.1750000000000003,9059.0
rat,1.225,7046.0
rat,1.275,5383.0
rat,1.3250000000000002,4475.0
rat,1.375,3784.0
rat,1.4250000000000003,2961.0
rat,1.475,2290.0
rat,1.525,2128.0
rat,1.5750000000000002,2027.0
rat,1.625,1759.0
rat,1.6750000000000003,1219.0
rat,1.725,750.0
rat,1.775,491.0
rat,1.8250000000000002,351.0
rat,1.875,257.0
rat,1.9250000000000003,214.0
rat,1.975,179.0
rat,2.0250000000000004,124.0
rat,2.075,95.0
rat,2.125,90.0
rat,2.175,65.0
rat,2.225,50.0
rat,2.2750000000000004,44.0
rat,2.325,32.0
rat,2.375,37.0
rat,2.4250000000000003,33.0
rat,2.475,22.0
rat,2.5250000000000004,18.0
rat,2.575,21.0
rat,2.625,12.0
rat,2.6750000000000003,19.0
rat,2.725,14.0
rat,2.7750000000000004,11.0
rat,2.825,14.0
rat,2.875,7.0
rat,2.9250000000000003,3.0
rat,2.975,6.0
